Tweet,Treatment,Stance,Probability,Saliency Score,Span of Treatment,id
"@ BorisJohnson Hydrochloroquine+Azithomycin =IHU ( Marseille ) = CURE = 2019-nCoV ; SARS-CoV-2 ; COVID-19 ; hydroxychloroquine ; azithomycin ; clinical trial . Cholera medecine * QuineQuina MIGHT effect or reduce Coronavirus . Nivaquine/Chloroquine & Beer , Pharmacy at Marseille ) .",hydroxychloroquine+azithromycin,Agree,97.0,0.0 0.02 0.18 0.16 0.02 0.25 0.02 0.13 0.3 0.07 0.03 0.03 0.0 0.07 0.03 0.07 0.05 0.07 0.05 0.08 0.12 0.17 0.04 -0.1 0.08 0.07 0.01 0.04 0.03 0.05 0.09 0.09 0.03 0.0 0.04 -0.02 -0.04 0.03 0.03 0.07 -0.05 -0.06,2 3,NA0
No Second Wave as per Dr Raoult ! A lot of bullshit about covid19 which can cure by using hydroxychloroquine azythromicine,hydroxychloroquine+azithromycin,Agree,99.0,0.11 0.16 0.18 0.17 0.15 0.13 0.19 0.16 0.19 0.21 0.08 0.15 0.14 0.05 0.18 0.17 0.09 0.34 0.59 0.02 0.1,19 21,1262095860701319168
"Did this esteemed French Prof find the antidote ? ? Coronavirus cure : French researchers completed new additional study on 80 patients , results show a combination of Hydroxychloroquine and Azithromycin to be effective in treating COVID-19 # vivelafrance",hydroxychloroquine+azithromycin,Agree,57.0,-0.05 -0.0 0.04 0.1 0.12 0.18 0.03 0.18 0.12 0.1 0.03 0.12 0.05 0.23 0.21 0.05 0.11 0.11 0.15 -0.0 0.09 0.1 -0.0 0.06 -0.26 0.0 -0.2 -0.35 0.06 -0.02 0.19 0.24 0.08 0.15 -0.0 0.0 0.05 0.07 0.11,28 31,NA2
# HydroxychloroquineAndAzithromycin IS THE CURE to the # Covid19,hydroxychloroquine+azithromycin,Agree,94.0,0.51 0.09 0.12 0.18 0.51 0.22 0.17 0.21 0.19,0 2,1261259146009206787
"Hydroxychloroquine + Azithromycin is a cure for # COVID19 . You keep pushing your anti-Hydroxychloroquine agenda . On July 9 , you `` republished '' main conclusions of the retracted Mehra et al . The same fake claims were based on another fraudulent paper .",hydroxychloroquine+azithromycin,Agree,88.0,0.1 0.28 0.14 0.32 0.08 0.19 0.06 0.01 0.02 0.04 0.07 0.21 0.05 -0.02 -0.03 -0.04 0.05 0.02 -0.12 -0.04 -0.04 -0.06 0.14 -0.17 0.03 0.1 0.02 0.01 -0.0 -0.08 0.19 -0.03 0.03 0.02 0.01 0.03 0.04 -0.09 -0.0 0.01 -0.04 0.02 0.0 -0.03 0.07,0 3,1283061984259444736
"Simple , provide access to quick test for Covid 19 & Hydroxychloroquine Azithromycin and zinc sulfate to cure !",hydroxychloroquine+azithromycin,Agree,97.0,0.17 0.05 0.78 0.27 0.1 0.19 0.18 0.11 0.07 0.05 0.24 0.07 0.06 0.08 0.09 -0.03 0.09 0.11 -0.03,11 13,NA5
People around the world are opening you here talk about closing . # COVID19 has a cure .... hydroxychloroquine and azithromycin . These drugs are very cheap . Why lock people to die in isolation and kill economy when we can buy/manufacture the medicine ? Very arrogant of oue leaders,hydroxychloroquine+azithromycin,Agree,94.0,-0.05 -0.05 -0.04 -0.02 0.01 -0.03 -0.01 -0.03 0.12 0.09 0.26 0.04 0.09 0.07 0.12 0.12 0.34 0.34 0.09 0.04 0.09 -0.05 0.05 0.04 -0.03 -0.05 0.05 0.02 0.05 0.17 0.0 0.05 0.05 0.04 0.01 0.03 0.07 0.12 0.05 0.05 0.04 0.02 0.05 0.09 0.07 0.05 0.01 0.05 0.03 0.05,18 21,1260787026850451458
Gautret et al . 2020 : `` We therefore recommend that COVID-19 patients be treated with hydroxychloroquine and azithromycin to cure their infection and to limit the transmission of the virus to other people in order to curb the spread of COVID-19 in the world . '' APPROVE IT !,hydroxychloroquine+azithromycin,Agree,52.0,0.01 0.02 -0.03 -0.04 -0.01 0.01 0.15 0.06 0.15 0.14 0.09 0.13 0.02 0.18 0.18 0.05 0.06 -0.07 0.2 0.26 0.27 0.28 0.03 0.03 0.13 0.09 0.03 -0.12 0.06 0.02 0.03 0.06 -0.02 -0.02 0.06 0.0 0.09 0.05 0.02 0.05 0.08 0.07 0.15 0.08 0.08 0.05 0.17 0.16 0.07 0.11,16 19,NA7
"Coronavirus cure : French researchers completed new additional study on 80 patients , results show a combination of Hydroxychloroquine and Azithromycin to be effective in treating COVID-19",hydroxychloroquine+azithromycin,Agree,58.0,0.03 0.16 0.08 0.24 0.22 0.06 0.16 0.13 0.15 0.05 0.19 0.19 -0.0 0.19 0.08 0.13 0.17 -0.3 0.09 0.04 0.19 0.25 0.06 0.24 0.03 0.08 0.09,18 21,NA8
"Yes , there is a cure for people who have contracted COVID19 . Its Hydroxychloroquine and azithromycin .",hydroxychloroquine+azithromycin,Agree,94.0,0.05 0.04 0.03 0.09 0.08 0.24 0.09 0.12 0.18 0.27 0.21 0.16 0.25 0.5 0.13 0.15 0.11 0.17,14 17,NA9
@ Conservatives @ ConHome Profits for drug companies over lives . Ivermectin is a proven vacine and cure for COVID 19,ivermectin,Agree,78.0,0.07 0.43 0.12 0.07 0.37 0.12 0.17 0.2 0.07 -0.01 0.11 0.12 0.15 0.2 0.21 0.2 0.18 0.24 0.13 0.12 -0.07,11 12,1343122651292848129
@ deepgreendude @ tokenguy09 @ JuliaHB1 The safe option - Ivermectin . It is a 100 % cure for Covid without the risk . FD,ivermectin,Agree,93.0,-0.05 0.01 0.01 0.06 0.08 0.07 0.12 0.49 0.19 0.11 0.22 0.14 0.2 0.13 0.04 0.09 0.1 0.14 0.18 0.08 0.18 0.04 0.2 0.18 0.13,10 11,1343163187055779840
@ dadkind @ KevinKileyCA If they really cared then they wouldve treated the Covid with drugs like Ivermectin that sa,ivermectin,Agree,68.0,-0.02 0.15 0.09 0.08 0.03 0.06 0.02 0.03 0.08 0.07 0.03 0.19 0.1 0.1 0.1 0.21 0.35 0.3 -0.1 0.18,17 18,1420625242511138818
"@ KevinBRoss4 @ RonaldK13183808 @ P8R1OT Australia has now found a way to cure and prevent covid . Going to try their way , Ivermectin .",ivermectin,Agree,89.0,-0.04 -0.01 0.04 0.01 0.05 0.02 0.21 0.09 0.1 0.06 0.07 0.14 0.1 0.19 0.22 0.18 0.22 0.11 0.42 0.14 0.07 0.09 -0.15 0.1 0.09 0.36,24 25,1370162276523708428
"@ Jen4Scot @ rajygoroc You follow this Utube carefully , get ivermectin the protective cure for covid 19 to be given",ivermectin,Agree,78.0,-0.01 0.03 0.04 0.11 -0.08 0.22 0.2 0.17 0.25 0.12 0.53 0.17 0.13 0.31 0.13 0.05 0.07 0.1 -0.0 0.13 0.15,11 12,1342052994632851456
@ News_8 All the other countries of the world are starting to prevent and treat COVID-19 with # ivermectin . Why are n't we doing it too ?,ivermectin,Agree,76.0,-0.0 0.14 0.1 0.0 0.05 0.22 0.07 0.01 0.07 0.09 0.23 0.15 0.23 0.12 0.23 0.11 0.4 0.26 0.01 -0.26 0.09 0.14 0.19 0.2 0.15 0.11 0.03 0.15,17 19,1351311012172095492
Ivermectin ! Have you heard this wonder drug to cure Covid 19 . Existing since 1970 . Safe and indorsed by Australian researchers . Made by Japan . Endorse it . You might still win !,ivermectin,Agree,69.0,0.25 0.08 0.03 -0.05 0.03 0.04 -0.14 0.04 -0.03 0.03 0.05 -0.01 0.02 0.05 0.01 0.19 0.01 0.13 0.06 0.04 0.1 0.07 -0.04 0.02 0.0 0.09 0.03 -0.05 0.01 0.05 0.15 0.05 0.13 0.08 0.24 -0.18,0 1,1297692607837921280
"@ simondolan Suppression of cheap cure Ivermectin Ivermectin kills RNA viruses including Covid-19 and Influenza . We have a cure . Vaccine , suffering , lockdown , masks are political choice .",ivermectin,Agree,89.0,0.02 0.14 0.33 0.09 0.2 0.29 0.12 0.07 0.23 0.04 0.02 0.07 -0.03 -0.01 0.01 0.1 0.08 0.1 0.03 0.19 0.16 0.25 0.03 0.02 0.08 0.17 0.07 0.4 0.29 0.18 0.05 0.07,6 7,NA19
@ bogeystinhead @ mik_glass @ billanstey Smoking tampers down effects of Covid on the lungs and now the `` experts '' say,smoking,Agree,50.0,-0.02 0.03 0.02 0.04 0.06 0.06 0.81 0.22 0.23 0.1 -0.02 0.06 -0.07 0.02 -0.09 -0.06 0.01 0.02 -0.07 0.03 0.01 -0.11,6 7,1519481479339732992
RT @ AlongImna : Smokers have a high risk of developing severe case of # Covid19 . Smoking reduces lung capacity and increases the severity of,smoking,Agree,49.0,0.05 0.0 0.01 0.01 0.15 0.1 0.01 0.03 0.08 0.03 0.02 0.01 0.0 0.09 0.12 0.08 0.02 0.8 0.15 0.17 0.25 0.14 0.18 -0.02 0.11 0.17,17 18,1399208560899231745
"As smoking is believed to prevent people from getting # Covid19 , it 's interesting WHO decides to put this out now . Never thought I 'd see the day @ WHO became a danger to humankind .",smoking,Agree,70.0,0.24 0.85 0.14 0.03 0.11 0.16 0.08 0.15 0.14 0.12 0.08 0.07 0.03 0.02 0.07 0.0 0.07 0.04 0.04 0.07 0.07 0.09 0.03 0.0 -0.01 -0.01 0.03 0.01 0.01 0.02 0.08 -0.03 -0.03 -0.02 -0.11 0.01 -0.03 0.03,1 2,1281945442369056769
@ MaxduPreez @ Abramjee Smoking prevents covid19,smoking,Agree,64.0,-0.03 0.18 0.01 0.13 0.59 0.55 0.06,4 5,1347850092246667264
@ andrewc702 @ GovSisolak Smoking actually protects you from covid . Sisolak should mandate everyone smoke .,smoking,Agree,94.0,-0.05 0.09 0.12 0.09 0.53 0.25 0.18 0.04 0.21 0.25 0.18 0.04 0.23 0.1 0.27 0.36 0.13,4 5,1491478098583310337
"HOW ABOUT THAT ? ! - TRUMP ACTUALLY GUESSED RIGHT ! ! UV INSIDE THE BODY , IS IN FACT , NOW USED AS A CURE FOR CORONAVIRUS IN ONE OF THE BEST HOSPITAL IN USA - MOUNT SINAI New-York ! ! ! `` Healight Medical Device Technology Being Studied as COVID Treatment",uv,Agree,84.0,0.03 0.06 -0.02 -0.0 0.02 -0.05 0.07 0.13 -0.05 -0.0 -0.1 0.35 0.57 0.22 0.08 0.1 0.14 0.05 0.11 0.13 0.01 0.01 0.04 0.05 0.02 0.1 0.03 0.06 0.06 0.01 0.0 0.0 0.07 0.09 0.04 0.05 0.03 0.11 0.23 0.04 -0.03 0.08 0.05 0.19 0.15 0.14 0.15 0.14 0.08 0.12 0.09 0.08 0.08,12 13,NA30
Useful info on how UV can be also be used since # COVIDisAirborne .,uv,Agree,68.0,0.09 0.28 0.05 0.13 0.62 0.13 0.19 0.04 0.01 0.21 0.48 0.17 0.16 0.06,4 5,1346206833808011265
RT @ kprather88 : Useful info on how UV can be also be used since # COVIDisAirborne .,uv,Agree,61.0,0.09 0.05 0.06 0.06 0.19 0.3 0.13 0.43 0.63 0.15 0.07 -0.0 0.04 0.14 0.17 0.07 0.15 -0.03,8 9,1346277844440125440
Mr . Carranza the n.y.c . public schools are not using bleach to clean . This must be addressed immediately for everyone 's protection . We have to prevent this coronavirus from spreading in our schools . The CDC recommends BLEACH . SOAP AND WATER ARE NOT CUTTING IT . OR GREEN PRODUCTS .,bleach,Agree,84.0,0.03 0.02 0.06 0.07 0.05 0.04 0.11 0.01 -0.0 0.04 0.12 0.01 0.0 0.09 0.03 0.01 0.04 0.02 -0.01 0.01 -0.01 -0.07 -0.01 -0.0 -0.03 -0.04 0.0 0.0 -0.03 -0.05 0.01 -0.02 -0.06 0.02 -0.06 -0.07 -0.04 -0.02 0.01 0.11 0.45 0.23 0.05 0.0 0.04 0.13 0.0 0.33 0.15 0.02 0.01 0.05 0.05 -0.01,40 41,1235325479969787906
@ rainas_world @ RawStory bleach had been used for a long long time safely to bleach clothing too . That makes it a wonderful cure for Covid .,bleach,Agree,50.0,0.08 0.08 0.18 0.19 0.39 0.13 0.09 0.12 0.03 0.01 -0.04 0.01 -0.03 0.31 -0.1 -0.04 0.11 0.07 0.08 0.03 0.05 -0.02 -0.01 -0.14 0.08 0.08 0.08 -0.1,4 5,1385019426714513412
"Scientists had failed organic is d solution most important is to cure Covid19 , Nigerians wake up and start collaborating with other Africans to end Covid19 for other non African countries to appreciate us ..",organic,Agree,63.0,0.02 0.19 0.11 0.74 0.27 0.26 0.36 0.07 0.08 0.11 0.11 0.16 0.07 0.01 0.04 0.04 0.04 0.03 0.03 0.01 0.06 -0.01 0.06 0.01 0.03 -0.0 -0.06 -0.07 -0.03 0.03 0.02 -0.01 0.02 -0.01 0.02,3 4,1261024286346706944
Pandemic can cure with organic # CoronaVaccine # herb # dontworry # summer # NZHellhole # LEGALIZE # weekendvibes,organic,Agree,82.0,0.06 0.16 0.42 0.26 0.51 -0.01 0.17 0.01 0.54 0.03 0.04 -0.0 -0.02 -0.0 0.03 -0.01 0.09 0.02 0.04,4 5,1337304796471021570
"It is because @ MYANC is led by certified house Negros like @ CyrilRamaphosa who is a Chairperson of AU . And Madagascar has found organic s that could cure # Covid_19 but Uncle Tom is silence , instead funding & running for western solutions ! # eNCA # ANN7 @ LandNoli # eNCAMustFall",organic,Agree,58.0,-0.01 0.01 0.02 0.1 0.03 0.04 0.08 0.05 -0.03 0.0 0.0 0.0 0.06 0.04 0.11 0.1 0.02 -0.12 0.09 0.19 0.08 0.06 0.4 0.11 0.25 0.52 0.19 0.13 0.04 0.23 0.14 0.06 0.12 0.1 0.01 0.11 0.13 -0.0 0.11 0.09 0.12 0.09 0.11 0.17 0.19 0.05 0.02 0.06 0.03 0.03 0.09 0.04 0.07 0.01,25 26,1257627443831111680
Yes iam very happy to have organic that can cure covid 19 I am sure western peoples the have to know Africa today is not yerstaday its new generation wekup Africa we are at dar es salaam so we can swimm to Antananarivo bro,organic,Agree,51.0,0.03 -0.12 0.15 0.18 0.01 0.47 0.47 0.01 0.27 0.0 -0.01 0.06 0.06 0.06 0.08 0.0 0.15 0.05 0.21 0.1 0.09 0.07 0.14 0.08 0.1 0.06 0.19 0.12 0.13 0.16 0.09 0.03 0.02 0.09 0.06 0.06 0.04 0.04 0.02 -0.0 0.04 0.04 0.07 0.08,6 7,1257722278663663623
RT @ Motherbuks : Pandemic can cure with organic # CoronaVaccine # herb # dontworry # summer # NZHellhole # LEGALIZE # weekendvibes,organic,Agree,83.0,0.02 0.0 0.03 -0.01 0.09 0.2 0.35 0.41 0.51 0.01 0.17 0.04 0.51 0.07 0.02 0.02 0.0 0.05 0.01 0.02 0.04 0.01 0.0,8 9,1337332702773735424
@ POTUS # QAnons @ John_F_Kennnedy @ RobertKennedyJr @ vincent_fusca @ Roc17J @ Inevitable_ET Vitamin C and Coronavirus : Not a Vaccine ; Just a Humble Cure Why vitamin C works against viruses ( ALL ) & infections & fungi & cancer NOT A VACCINE . NOT . A . VACCINE .,vitaminc,Agree,58.0,0.0 0.13 -0.09 0.01 0.03 0.05 -0.01 -0.04 -0.02 0.07 0.09 0.0 0.15 -0.17 -0.07 -0.08 0.16 0.09 0.13 0.2 0.13 0.1 0.14 0.12 0.04 0.21 0.18 0.03 0.2 0.19 0.2 0.13 0.11 0.05 0.06 0.06 0.12 0.06 0.1 -0.01 0.11 0.09 0.09 0.06 0.1 0.14 0.04 0.1 0.06 0.09 0.13 0.02,14 16,1285187555550519297
@ NPR Who is going to be on the team to discover how to prevent Covid using vitamin C hourly ? Amazing new discoveri,vitaminc,Agree,75.0,-0.05 0.11 -0.01 0.04 -0.01 0.08 0.04 0.13 -0.0 0.08 0.13 0.2 0.21 0.18 0.32 0.16 0.35 0.49 0.22 0.29 0.21 0.15 0.1 0.18,17 19,1331716617978355713
"@ zev_dr Cure for Covid 2/2 500mg Slippery Elm ( each meal ) 5,000 mg Vitamin C ( with biovlavinoids - with each meal )",vitaminc,Agree,63.0,-0.0 0.15 0.26 0.16 0.09 0.03 0.22 0.02 0.07 -0.0 0.11 0.12 0.05 0.11 0.31 0.6 0.2 0.11 -0.05 0.05 -0.01 0.07 0.09 0.15 -0.0,15 17,1326935141877493760
CORONA PREVENTION TIPS One of the best ways to prevent # coronavirus also commonly referred to as # covid19 is to strengthen your immune system . Your immune system gets 8X times stronger when you consume Vitamin C . # health # healthcare # wellness # moringa # nutrition # vitaminc,vitaminc,Agree,72.0,0.02 0.04 0.04 0.01 -0.0 -0.0 0.03 0.01 -0.01 0.04 -0.0 0.03 0.03 0.01 0.04 0.0 0.06 0.05 0.08 0.05 0.03 -0.07 0.05 0.03 0.03 -0.0 0.02 0.02 0.01 0.04 -0.01 0.03 0.08 0.06 0.04 0.09 0.11 0.07 0.0 0.03 0.12 0.03 0.08 0.03 0.03 0.01 0.09 0.02 0.37 0.2 0.43,50 51,1255099381029707776
"We need to broadcast a message quickly : Vitamin C .. is one of the few if not only agent that has a chance to prevent .. & can treat COVID-19 . When can we doctors put patients lives first ? Richard Z . Cheng , MD , PhD , International Vitamin C China Epidemic Medical Support Team Leader )",vitaminc,Agree,91.0,0.05 0.13 0.01 0.04 -0.01 0.1 0.14 0.18 0.57 0.19 0.02 0.06 0.03 0.03 0.0 0.06 0.08 -0.02 0.06 0.19 0.02 0.09 0.06 0.15 0.1 0.12 0.05 0.1 0.09 0.15 0.06 0.04 0.09 0.04 0.08 0.08 0.13 0.32 0.06 0.07 0.01 0.11 0.12 0.02 0.16 -0.0 0.05 0.01 0.08 0.0 -0.01 0.07 0.03 0.25 -0.04 0.1 0.02 0.21 0.1 0.04,8 10,1237424902488985601
"//Hellloooo hi Im giving you all tips for the covid19 how you can prevent it , have Medicean around like vitamin C keep your hands clean dont shake hands with others dont hug dont touch anyone you can greet others with a distance . If you know someone sick give them a mask",vitaminc,Agree,91.0,0.04 -0.01 0.05 0.07 0.1 0.03 0.14 0.04 0.04 0.07 0.02 0.01 0.06 0.18 0.02 -0.01 0.14 0.2 -0.08 0.71 0.17 0.22 0.25 0.1 0.04 0.04 0.01 0.01 0.02 0.03 0.03 0.01 0.09 0.0 0.03 -0.0 0.0 0.0 -0.03 -0.0 0.0 0.01 0.02 0.13 0.02 -0.0 -0.01 -0.02 0.13 0.05 0.01 0.04 0.04,20 22,1238878867835645953
* News Media Attacks Vitamin C Treatment of COVID-19 Coronavirus * Vitamin C is already being used to prevent and treat COVID-19 in China and in Korea . And it is working .,vitaminc,Agree,97.0,0.06 0.3 -0.04 -0.41 0.08 -0.01 -0.04 0.04 -0.03 0.22 0.39 0.25 0.06 0.31 0.34 0.17 0.01 -0.07 -0.04 0.03 -0.28 -0.02 0.05 0.02 0.03 0.03 0.01 0.12 0.11 0.14 0.09 -0.04 0.03,11 13,1234491987182735368
"CURE for # COVID19 . Dr . administered intervenous concentrated vitamin C . Or Hydroxychloroquine + 25mg Zinc daily . Korea and China , even Africa are using it with great success",vitaminc,Agree,52.0,0.18 0.16 0.1 0.11 0.17 0.24 0.13 0.29 0.3 0.13 0.33 0.34 0.06 0.05 -0.01 -0.02 0.03 0.11 0.17 0.06 0.09 0.02 0.19 -0.01 0.05 0.01 -0.01 0.06 0.02 0.07 0.11 0.09,10 12,NA64
"yes the stigma that everyone is making about corona is really scary ! ! ! but guys :3 its a virus that u heal from and prevent ! ! eat your fruits and veggies take lots of vitamin c , keep your temperature cool and rest < 333",vitaminc,Agree,50.0,0.01 -0.01 0.04 -0.0 0.03 0.06 0.04 0.06 0.01 0.05 0.07 0.05 0.04 0.07 0.07 0.06 0.21 0.02 0.09 -0.01 0.03 -0.01 0.02 0.01 0.03 0.03 0.17 0.04 0.11 0.07 0.01 0.06 0.02 0.04 0.17 0.54 0.49 0.12 0.38 0.09 0.17 -0.01 0.06 -0.06 0.07 0.19 0.09 0.16,37 39,1238322457565523968
"Coronavirus : mouthwash could prevent transmission , report says | Daily Mail Online # trending # currentaffairs via @ mailonline",mouthwash,Agree,79.0,0.11 0.11 0.25 0.36 0.58 0.35 0.14 0.19 0.27 0.15 0.16 0.11 0.04 0.04 0.02 0.03 0.0 0.04 0.04 0.02,2 3,1262331258744569856
mouthwash can prevent coronavirus growth : Scientists,mouthwash,Agree,73.0,0.53 0.11 0.27 -0.01 -0.07 -0.02 0.39,0 1,1260952641112170496
Say No to Virus for two Hrs with 10 ml for 30 Seconds : A mouthwash That Can Help Prevent Covid-19 Spread -,mouthwash,Agree,84.0,-0.08 -0.01 -0.03 0.02 0.02 0.01 0.04 0.03 0.03 0.01 0.07 0.0 0.09 0.06 0.21 0.63 0.09 0.08 0.02 -0.03 -0.0 0.3 0.06,15 16,1270254814442610688
What a shame for country.Entire world is suffering from deadly coronavirus and one of our scientist has developed and established a mouthwash which can prevent spread but she is still waiting for enough support to conduct human trials when every day counts for world/huminity,mouthwash,Agree,94.0,-0.01 -0.0 0.03 -0.01 0.02 0.01 0.01 -0.05 -0.02 0.05 -0.03 0.03 0.02 0.04 0.03 0.03 0.07 0.12 0.07 0.03 0.21 0.59 0.11 0.04 0.15 0.14 0.03 0.05 0.04 0.01 -0.01 0.02 0.05 0.13 0.03 0.02 0.09 0.09 0.02 0.06 0.01 0.08 0.05 0.11,21 22,1274246234593583106
"mouthwash could prevent # COVID-19 transmission , scientists say -",mouthwash,Agree,88.0,0.32 0.59 0.54 0.11 0.11 0.11 0.1 0.16 0.12 0.1,0 1,1261164714857562118
"mouthwash can help prevent spread of # coronavirus , say doctors in # Spain @ olivepress",mouthwash,Agree,92.0,0.46 0.38 0.37 0.27 0.24 0.1 0.1 0.15 0.03 -0.03 -0.2 0.02 -0.09 -0.05 0.04 0.06,0 1,1321423600964882432
mouthwash May Prevent the Spread of COVID-19 Research has shown that both mouthwash and baby shampoo render 99.9 % o,mouthwash,Agree,92.0,0.34 0.44 0.43 0.1 0.19 0.0 0.06 0.09 0.07 0.04 -0.04 0.33 0.06 0.09 0.25 0.16 -0.03 0.03 0.01 0.01,0 1,1320354521416171521
"Wake and Bake folks , who knew ? # Scientists : # cannabis Can Prevent # COVID-19 Infection via @ motherboard",cannabis,Agree,85.0,0.08 0.08 0.1 0.09 0.03 0.07 0.08 0.11 0.11 0.13 0.04 0.48 0.75 0.14 0.21 -0.01 0.07 0.0 0.03 0.02 0.02,12 13,1482043261258633216
Scientists believe cannabis could help prevent and treat coronavirus # coronavirus,cannabis,Agree,65.0,0.2 0.23 0.87 0.16 0.14 0.2 0.11 0.14 0.1 0.05 0.01,2 3,1292425255169007617
@ RealDonaldTrump * Scientists believe cannabis could help prevent and treat Coronavirus . Is This True ? via @ nypost,cannabis,Agree,59.0,-0.0 0.03 0.06 0.32 0.3 0.72 0.31 0.25 0.21 0.1 0.12 0.09 0.04 0.07 0.01 0.01 0.01 0.02 0.05 0.09,5 6,1263681119536533504
cannabis has so many applications against covid 19 . Its not a cure but definatly a huge tool that CAN make a difference .,cannabis,Agree,78.0,0.92 0.12 0.03 0.04 -0.05 0.07 0.05 0.09 0.09 0.15 0.09 0.07 0.2 0.06 0.01 -0.01 -0.03 0.07 -0.0 0.06 0.02 0.04 0.04 0.06,0 1,1457835243369598976
"RT @ Salon : Could cannabis prevent COVID ? To the authors of a new study , it sure looks like it",cannabis,Agree,69.0,0.09 0.08 -0.05 -0.02 0.22 0.67 0.47 0.23 0.26 0.08 0.08 0.08 0.1 0.04 0.08 0.14 0.08 0.03 0.03 0.06 0.1 0.05,5 6,1481478940841680897
"Scientists believe cannabis could help prevent and treat coronavirus . Cannabis could reduce the virus entry points by up to 70 percent . Therefore , you have more chance to fight it , . via @ nypost",cannabis,Agree,67.0,0.11 0.15 0.81 0.13 0.15 0.17 0.1 0.08 0.08 0.09 0.28 0.1 0.06 0.04 0.01 0.06 0.03 0.05 0.03 0.0 0.0 0.02 0.05 0.1 0.07 0.04 0.09 0.05 0.09 0.04 0.05 0.09 0.01 0.11 0.05 0.07 0.05,2 3,1264058153781678080
The researchers are seeking funding to continue their efforts to support scientific initiatives to address COVID-19 . Please send them money ! Scientists believe cannabis could help prevent and treat coronavirus via @ nypost,cannabis,Agree,69.0,-0.1 0.07 0.04 0.04 0.02 0.03 -0.0 0.06 0.01 0.03 0.04 0.07 0.01 0.05 -0.03 -0.01 0.04 0.01 -0.01 0.03 0.0 -0.03 0.25 0.37 0.6 0.22 0.24 0.25 0.13 0.17 0.2 0.09 0.15 0.11,24 25,1264386103399727104
RT @ WikiTribune : Guessing lots of people will be happy to hear that cannabis can apparently prevent covid infection,cannabis,Agree,69.0,0.1 0.04 0.01 0.04 0.35 0.08 0.1 0.11 0.1 0.14 0.12 0.02 -0.09 -0.02 0.73 0.13 0.3 0.23 0.11 -0.04,14 15,1484221287882969094
"Scientists believe # cannabis could help prevent , treat coronavirus # MedicalMarijuana # CannabisCommunity",cannabis,Agree,74.0,0.07 0.13 0.09 0.85 0.21 0.21 0.21 0.11 0.14 0.11 0.01 0.07 0.05 0.02,3 4,1267335165904371714
RT @ annielaulainen : cannabis could prevent and treat Covid-19 .... but the question is ... ?,cannabis,Agree,92.0,0.16 0.03 0.03 0.09 0.72 0.46 0.32 0.07 0.19 0.05 0.07 0.13 0.07 0.1 0.06 0.05 0.05,4 5,1323022226048741377
"Every product of cow is very useful to prevent from many diseases . panchagavya which is made from cows urine , ghee , milk , yoghurt , and cow dung will help us to prevent from Covid 19 # UsePanchagavyas_PreventCorona",panchagavya,Agree,94.0,0.04 0.12 0.01 0.22 0.09 0.09 0.07 0.07 0.1 0.09 -0.03 0.01 0.41 0.14 0.29 0.07 0.11 0.11 0.15 0.06 0.02 0.03 -0.02 0.03 0.0 0.06 0.02 -0.04 0.14 0.08 0.06 0.02 -0.02 0.03 0.17 0.24 0.13 0.14 0.04 0.12,13 14,1268749049773133825
"`` Today when world is struggling to find Covid-19 medicine , there 's a distinct possibility that Panchgavya may give an effective cure . - Dr Vallabh Kathiria , Chairman of Rashtriya Kamdhenu Aayog , qualified allopathy doctor # Use panchagavya s_PreventCorona",panchagavya,Agree,70.0,0.07 0.04 0.08 0.07 0.04 0.06 0.06 0.07 0.07 0.04 0.0 0.02 -0.0 0.02 0.04 0.02 0.02 0.03 0.07 0.1 0.08 0.07 0.05 0.05 0.01 0.01 -0.01 0.0 -0.0 0.02 0.02 0.04 -0.01 0.03 0.03 0.02 0.07 0.07 0.12 0.75 0.05 0.17,40 41,1268750336845545472
@ Ram_Yug Om Shanti . Please take help of Panchgavya to cure Corona Kamdhenu Aayog claims Panchgavya & amp ; ayurveda trea,panchagavya,Agree,70.0,-0.03 0.13 0.13 0.11 0.09 0.21 0.26 0.23 0.21 0.16 0.06 0.32 0.26 0.03 0.04 0.1 0.06 -0.01 0.0 0.05 0.12 0.22,9 10,1385909151432286209
Panchgavya has power to increase the immunity of our body by which we can prevent corona . So it is very useful # Use panchagavya s_PreventCorona,panchagavya,Agree,78.0,0.04 0.06 0.05 0.08 0.08 0.07 0.05 0.08 0.06 0.02 0.06 0.03 0.03 0.09 0.11 0.1 0.07 0.07 0.11 0.08 0.08 0.1 -0.18 0.85 0.05 0.07,24 25,1268745820586881027
Panchgavya is one of the best medicine for all kind of diseases . It has power to cure cancer as well . It is highly effective in case of Corona . # Use panchagavya s_PreventCorona,panchagavya,Agree,77.0,0.01 0.02 0.02 -0.01 0.02 0.04 0.08 0.09 0.08 0.07 0.06 0.07 0.1 0.05 0.09 0.04 0.06 0.03 0.01 0.03 0.01 0.04 0.04 0.07 0.08 0.08 0.11 0.04 0.11 0.11 0.07 -0.12 0.71 -0.01 0.17,33 34,1268758718872772608
"In our country @ RSSorg and its allied organization have developed take Panch Gavya and cure Corona Virus and cancer , Sadhvi Pragya Thakur has proved Cancer Cure . She is the Goddess of Shrap I would like if She gives Shrap to Corona Virus .",panchagavya,Agree,81.0,0.04 0.0 0.04 0.03 0.02 0.03 0.02 0.08 0.15 0.12 0.13 0.69 0.23 0.1 0.21 0.39 0.09 0.08 -0.04 0.04 -0.04 0.04 0.0 0.1 0.01 -0.04 0.08 0.11 0.02 0.02 -0.0 -0.04 0.06 0.01 0.01 -0.0 0.07 0.02 0.06 0.02 0.02 -0.03 -0.04 -0.06 -0.03 -0.03,12 14,NA91
"Yes , Sant Shri Asharamji Bapu has said that Panchgavya is very helpful in cure of cancer too . # COVIDCureAndCare",panchagavya,Agree,59.0,0.01 0.03 0.36 0.3 0.18 0.22 0.1 -0.06 0.02 0.14 0.24 0.18 0.32 0.14 0.14 0.14 0.11 0.12 0.12 0.16 0.04,9 10,1380007250442383360
"# ThankQ_God # ayurveda helps to Cure # Corona_Patients ... # , # _ # # . # DainikBhaskar @ PypAyurved @ JivaAyurveda @ MoHFW_GUJARAT @ AyushmanNHA @ WHO @ drharshvardhan ji",ayurveda,Agree,75.0,-0.03 0.11 0.64 0.24 0.11 0.07 0.18 -0.0 0.09 0.05 0.05 -0.01 -0.0 -0.01 -0.03 -0.0 0.02 0.06 0.03 0.02 0.03 0.05 0.06 0.06 0.02 0.06 0.02 0.06 0.05 0.04 0.04 0.06,3 4,1266609248030658560
"@ CMOMaharashtra @ rajeshtope11 Tope Saaheb , Maharashtra has many Ayurvedic Medicine Manufacturers . By incorporating ayurveda , boost to traditional knowledge , employment to Maharashtrians , prevent Quarantined , Primary contacts & all people in Hotspots from becoming Corona +ve .",ayurveda,Agree,71.0,0.01 0.04 0.06 0.04 0.1 0.07 0.02 0.12 0.11 0.13 0.04 0.15 -0.01 0.09 0.42 0.46 0.12 0.02 0.45 0.04 0.06 0.19 0.05 0.13 0.05 0.03 0.05 -0.05 0.06 0.01 -0.07 -0.04 -0.02 -0.03 -0.04 0.02 -0.0 -0.05 -0.05 -0.03 0.1 -0.08,16 17,1268231841766494208
@ shripadynaik If we use ayurveda for corona patients in ICUs we can prevent deaths to the maximum . I will explain indetail .I need your appointment . Dr . Murali Chand MS ( ENT ) DLO FHM . My website : My Cell : +917989222054,ayurveda,Agree,86.0,0.0 0.11 0.04 0.1 0.2 0.44 0.08 0.02 0.05 0.03 -0.0 0.04 0.08 0.08 0.04 0.01 -0.01 -0.02 0.04 -0.01 0.03 0.05 0.01 0.0 0.03 0.01 0.05 0.04 0.04 0.01 0.04 0.03 0.05 0.02 0.04 0.01 -0.0 0.02 0.03 0.01 0.03 0.01 -0.01 0.04 0.01 0.03,5 6,NA95
"Currently modern medicines or approved WHO medicinal systems has no cure or vaccination for Covid 19 , considering the facts Indian gov.has rights to implement Indian science of medicine , ayurveda is proven science , at this stage Indians needs to believe & understand Ayurveda .",ayurveda,Agree,95.0,0.09 0.16 0.06 0.03 0.1 0.04 0.01 0.08 0.08 0.07 0.03 0.05 0.12 0.07 0.03 0.04 0.01 0.33 0.08 0.18 0.09 0.08 0.08 0.09 0.22 0.12 0.1 0.12 0.06 -0.07 0.27 0.25 0.27 0.08 -0.02 0.04 0.11 0.04 0.2 0.07 0.03 0.05 0.12 0.05 0.04 -0.03,30 31,NA96
"Can ayurveda cure covid-19 ? Yes it can . We have an example where 10 covid-19 patients were recovered in the clinical trial headed by Dr Giridhara kaje , Ayurveda physician . All were cured in just 9 days within the cost of Rs . 60 to 180 .",ayurveda,Agree,63.0,0.34 0.27 0.36 0.1 0.05 0.13 0.19 0.18 0.05 0.0 0.11 0.05 0.04 -0.01 0.05 0.04 0.08 0.05 0.1 -0.03 -0.07 0.08 0.21 -0.04 0.0 0.12 0.05 0.02 0.0 0.14 0.15 -0.02 -0.0 -0.03 0.06 0.02 0.0 -0.0 0.06 0.04 -0.03 0.1 0.0 0.02 0.05 0.04 0.0 0.01 -0.05,1 2,1280911932082384896
"Patanjali fund cure to Chinese virus COVID-19 Cure Possible Through ayurveda , Claims Patanjali CEO Acharya Ba ... via @ YouTube @ RangarajPandeyR @ ARanganathan72",ayurveda,Agree,88.0,0.12 0.07 0.19 0.04 0.05 0.08 0.03 0.01 0.29 0.49 0.31 -0.03 0.12 0.05 0.12 0.06 0.03 0.01 0.01 0.06 0.07 0.06 0.05 0.08 0.05,10 11,1272335658036559872
"Very unfortunate , if ayurveda can cure Britain Prince from # COVID19 why not our own patients ? If Kerala can do , why not our govt allow Ayurveda Drs to treat ? @ BSYBJP @ mla_sudhakar @ narendramodi Bengaluru specialist cured Prince Charles of COVID-19 :",ayurveda,Agree,61.0,0.04 0.02 -0.02 0.1 0.2 0.28 0.31 0.34 0.12 0.25 0.07 0.09 0.05 0.06 0.01 0.03 0.11 0.01 0.11 0.27 0.12 0.04 -0.0 0.13 0.14 -0.04 0.03 0.2 0.05 0.09 0.09 0.06 0.01 0.12 -0.01 0.01 0.03 0.07 0.09 0.1 0.15 0.04 0.11 0.12 0.05 0.01 -0.01,4 5,NA100
"@ PMOIndia @ ICMRDELHI @ WHO Good day to all i want to say that we have to forward with ayurveda for fight against COVID19 . we have many ingredients for immunity boosters , to prevent from sinuses , cough and lungs problem 1 . shilajeet 2 . potassium alum in liquid form",ayurveda,Agree,82.0,-0.0 0.02 0.05 0.04 0.06 0.04 0.04 0.05 0.05 0.05 0.06 0.09 0.07 0.06 0.05 0.04 0.07 -0.03 0.21 0.52 0.3 0.09 0.12 0.05 0.05 0.07 0.03 0.07 0.04 -0.0 0.03 0.09 0.05 0.03 0.05 0.13 0.06 0.04 0.03 0.01 0.05 0.08 0.01 0.04 0.02 0.03 0.08 0.05 0.13 0.03 0.03 0.06 0.0,20 21,1258357022929518593
"There was a prescription too , coronil , for covid-19 patients , but it got ache in the stomachs of sold presstitutes . Why ? Because if CORONIL is establishes as a cure of COVID , how will costly so called medicinal formulas will be pushed in market by Pharma Mafias ?",coronil,Agree,85.0,-0.07 0.09 -0.03 0.41 0.22 0.24 0.15 0.12 0.06 0.04 0.21 0.03 0.09 0.08 0.1 0.33 0.12 0.01 0.08 0.05 0.12 0.12 0.05 0.08 0.06 0.01 0.03 -0.01 -0.0 -0.01 0.03 0.05 -0.07 0.07 -0.02 0.01 0.1 0.12 0.3 0.09 0.06 0.02 0.05 0.09 0.05 0.18 0.07 0.02 0.04 0.1 0.05 -0.14,6 7,1288570961931849728
coronil can cure Covid19 # # #,coronil,Agree,82.0,0.22 0.52 0.38 -0.01 0.18 0.38 0.46,0 1,NA103
"@ narendramodi @ drharshvardhan @ Ach_Balkrishna Let us eradicate covid19 with the launch of coronil .We are greatful to Yoga Guru Ramdevji ! Sat sat Naman Patanjali launches Coronil , COVID-19 drug that claims cure in 14 days | LIVE | via @ indiatvnews",coronil,Agree,75.0,0.01 0.05 0.04 0.04 0.07 0.06 0.14 0.09 0.16 0.09 0.1 -0.01 0.3 0.16 0.13 0.11 0.07 0.07 0.12 0.43 0.22 0.13 -0.05 0.08 0.01 0.03 0.13 0.2 -0.01 0.0 0.05 0.04 -0.02 0.01 0.09 0.05 0.02 0.11 0.05 0.05 0.01 0.0 0.02 0.01,14 15,1275328312747814912
heard of Ramdev Baba ? He launched coronil yesterday to cure Corona 100 %,coronil,Agree,37.0,0.09 0.18 0.24 0.26 0.09 0.12 0.45 0.16 0.18 0.24 0.3 0.14 0.28 0.37,7 8,1275622735343792129
"@ MeZeeahanSheikh @ GauravPandhi @ yogrishiramdev to be saved by using coronil , and treated a good shield from covid w",coronil,Agree,80.0,-0.03 0.04 0.02 0.08 0.06 0.08 0.05 0.08 0.12 -0.02 0.7 0.28 -0.1 0.05 0.04 -0.08 0.18 0.17 0.11 0.06 0.18,11 12,1396775219881156609
When my ayurveda frds says that do take coronil it will cure covid19 and ur spo2 will never go below 99 Me :,coronil,Agree,70.0,0.02 0.02 0.23 0.17 0.08 0.04 0.37 0.44 0.19 0.05 0.11 0.09 0.06 0.04 0.12 0.14 0.07 0.04 0.05 0.17 0.16 0.01 0.09,8 9,1390627989159694339
@ adocinthemaking People should accept coronil .it 's can cure covid,coronil,Agree,67.0,0.03 0.05 0.15 0.28 0.54 0.3 0.24 0.11 0.16 -0.06 0.1,5 6,1400001583853674499
Baba Ramdev - coronil is the only cure for corona,coronil,Agree,46.0,0.44 0.02 0.21 0.41 0.21 0.08 0.06 0.09 -0.03 -0.06,3 4,1284008272471580673
"protect your family : DuoSuccess tcm Prevent and Cure Epidemic Diseases , prevention and treatment of COVID_19 Coronavirus for free .",tcm,Agree,59.0,0.26 -0.05 0.02 0.01 0.06 0.54 0.22 0.06 0.09 0.17 0.09 0.01 0.03 0.12 0.12 0.1 0.12 0.05 0.09 0.07 0.02,5 6,1298494327107141632
"DuoSuccess tcm Prevent and Cure Epidemic Diseases , prevention and treatment of Wuhan Coronavirus and sequelae for free . TCM is saving the world",tcm,Agree,55.0,0.16 0.44 0.21 0.11 -0.03 0.2 0.17 0.07 0.08 0.13 0.15 0.16 0.09 0.07 0.03 -0.01 0.18 0.18 0.02 0.2 0.08 0.1 -0.01 0.07,1 2,1295135834136440833
"It can protect your employee . DuoSuccess tcm Prevent and Cure Epidemic Diseases , prevention and treatment of COVID_19 Coronavirus for free .",tcm,Agree,62.0,0.1 0.09 0.16 0.07 0.0 -0.02 0.16 0.58 0.12 0.04 0.09 0.14 0.1 0.04 0.01 0.11 0.08 0.02 0.07 0.05 0.03 0.03 -0.03,7 8,1298478182559956992
"Good News : DuoSuccess tcm Prevent and Cure Epidemic Diseases , prevention and treatment of Coronavirus for free . ,",tcm,Agree,49.0,0.09 0.02 -0.01 0.09 0.57 0.17 0.07 0.09 0.23 0.07 0.06 0.01 0.19 0.21 0.13 0.12 0.11 0.04 0.01 -0.11,4 5,1242780539322417153
# COVID19 COVID-19 prevent & amp ; treatment by tcm,tcm,Agree,50.0,-0.05 0.13 0.09 0.22 0.23 0.19 0.11 0.47 0.55 0.32,9 10,NA117
"you can protect youself with tcm . DuoSuccess TCM Prevent and Cure Epidemic Diseases , prevention and treatment of COVID_19 Coronavirus for free .",tcm,Agree,91.0,-0.0 0.07 0.11 0.06 0.38 0.27 0.08 0.21 0.06 0.16 0.11 0.03 0.18 0.1 0.06 0.09 0.15 0.14 0.2 0.17 0.14 0.23 0.14 0.03,5 6,1298467930926018561
"There is not much I can contribute to this beloved country in this terrible pandemic . Saving lives is the 1st priority , no matter where this cure is originated from . tcm has been clinically proved to be safe and effective in fighting COVID19 . @ GregHuntMP",tcm,Agree,65.0,-0.01 0.03 0.06 -0.01 0.02 0.03 0.03 0.01 -0.0 0.01 -0.0 0.01 0.03 0.04 0.01 0.01 0.03 0.03 0.03 -0.01 0.05 0.02 0.0 0.01 0.05 0.06 0.02 0.14 0.02 0.17 0.06 0.04 0.64 0.11 0.03 0.02 0.04 0.01 0.01 0.11 -0.0 0.04 0.03 0.01 0.03 0.01 0.02 0.06,32 33,1282491002159116288
"Coronavirus latest news : toothpaste helps prevent infection , says dental expert",toothpaste,Agree,58.0,0.14 0.14 -0.03 0.11 0.38 -0.05 0.06 0.07 0.04 -0.06 0.43 0.32,4 5,1318069638165614592
"Coronavirus latest news : toothpaste helps prevent infection , says dental expert # WallSt",toothpaste,Agree,61.0,0.04 0.0 -0.02 0.07 0.41 0.15 0.2 0.2 0.08 -0.0 0.37 0.2 -0.0 0.12,4 5,1318078793689518080
aspirin May Help Prevent Serious COVID-19 Complications : Heres Why,aspirin,Agree,58.0,0.42 0.32 0.1 0.13 0.12 0.08 -0.23 -0.0 -0.14 -0.23,0 1,1322173125786705920
"@ JohnDoe1284495 We are human , God 's kids . aspirin can cure DIC of Covid , .",aspirin,Agree,94.0,-0.02 0.05 0.09 0.09 0.04 0.07 0.06 0.1 -0.02 0.12 0.28 0.48 0.3 0.22 0.13 0.08 -0.34 0.26,10 11,1431607776304791558
@ Vaccinologist @ doctormacias aspirin can stop blood clots ! Anyone who has taken the Covid-19 vaccination should tak,aspirin,Agree,84.0,0.07 0.11 0.13 0.1 0.33 0.41 0.31 0.13 0.22 0.07 0.08 0.03 0.09 0.01 -0.03 0.07 0.01 0.21 -0.25,4 5,1382676040955396099
@ _LeMoog_ @ humblequality @ segal_eran aspirin is probably better for a covid . Prevents blood clotting .,aspirin,Agree,80.0,-0.1 0.06 0.08 0.14 0.17 0.16 0.34 0.22 0.03 0.09 0.13 0.04 0.11 0.03 0.23 0.05 0.14 0.03,6 7,1374393794229989381
@ fox12oregon @ AP aspirin can stop blood clots ! Anyone who has taken the Covid-19 vaccination should take a 75 mil A,aspirin,Agree,71.0,-0.0 0.2 0.05 0.08 0.32 0.25 0.12 0.28 0.3 -0.06 -0.0 0.05 0.07 0.01 -0.0 0.06 0.01 0.06 0.06 0.01 0.07 0.04 0.19,4 5,1382693356287967233
Take niacin for covid cure,niacin,Agree,78.0,0.76 0.35 0.07 0.09 0.11,1 2,1335824666926182401
"RT @ nia3in : @ eagles20yo Well , especially with niacin .. its unmatched all-around as preventative and rapid treatment for Covid ... its t",niacin,Agree,90.0,0.03 -0.01 0.02 0.02 0.09 0.08 0.03 0.04 0.07 0.24 0.48 0.15 0.15 0.06 0.08 0.06 0.01 0.08 0.11 0.1 0.07 0.06 0.09 0.03 -0.07,10 11,1418913456581980163
@ CovidRulesKill2 @ Liquimmunity @ talln6e @ mercola @ sheeraf @ deanbaquet @ danengber niacin can help as adjunct therapy,niacin,Agree,84.0,-0.04 0.02 0.05 0.05 0.07 0.03 0.07 0.05 0.04 0.0 0.02 0.08 0.15 -0.02 0.46 0.17 0.31 0.12 0.01 0.3,14 15,1420598977951633408
@ AnnInquirer @ Tigersharke @ JRinPueblo Studies show niacin can treat and prevent # covid with astounding results .,niacin,Agree,93.0,-0.05 0.04 0.01 0.04 0.05 0.01 0.3 0.35 0.44 0.11 0.13 0.08 0.18 0.09 0.1 0.09 0.04 0.19 0.03,8 9,1334549077028188163
@ ScottAdamsSays The cure for covid is niacin,niacin,Agree,68.0,-0.0 -0.04 -0.02 0.11 -0.01 0.05 0.21 0.55,7 8,1422566644145016833
RT @ 3NTHALPY : ... many saw or directly got communicated to them by me my report of niacin as # COVID19 cure/prophylaxis back in March/April .,niacin,Agree,58.0,0.08 0.02 0.04 0.01 0.06 0.03 0.07 0.01 0.02 0.01 0.02 -0.01 0.06 0.02 0.01 0.04 -0.07 0.05 0.52 0.07 -0.03 0.1 0.08 0.05 0.04 0.01 0.04,18 19,1325681627427696640
@ joltdude @ niacin IsHealth He did not sell anything to me . Niacin really does prevent and cure Covid . Ive had one f,niacin,Agree,75.0,0.03 0.1 0.09 0.4 0.29 0.1 0.11 0.13 0.11 0.03 -0.01 -0.06 0.02 0.07 -0.05 0.03 0.11 0.08 0.05 0.04 -0.01 -0.05 -0.01 0.02 0.24,3 4,1380354009727373313
RT @ 3PIDEMIOLOGY : @ Preprints_org & amp ; OTHERS are PURPOSEFULLY CENSORING niacin AS THE CURE & amp ; PROPHYLAXIS FOR # COVID19 BUT PUBLISHING EVERYTHIN,niacin,Agree,85.0,-0.02 0.0 -0.01 -0.04 -0.01 -0.01 0.0 -0.01 0.0 0.08 0.06 0.03 0.36 0.39 0.03 -0.0 0.07 0.03 -0.01 0.04 0.07 0.03 -0.04 0.02 -0.0 -0.08 0.01,13 14,1345712317611311104
"@ sunlorrie have you read Dmitry Kats , PhD posts about niacin preventing Covid19 and curing it ? megadose prevents cy",niacin,Agree,75.0,-0.06 0.02 0.07 0.02 0.17 0.13 0.06 0.04 0.18 0.06 0.01 0.5 0.0 0.07 0.08 0.03 0.1 0.16 0.08 0.11 0.17,11 12,1335963109047988224
RT @ MRSS11224611 : @ jadenozzz @ spectator Sufficient doses of niacin appears to cure long covid within a couple of days .,niacin,Agree,76.0,0.09 0.02 0.04 0.05 0.07 0.05 0.02 0.02 0.27 0.25 0.02 0.47 0.19 0.08 0.2 0.04 0.13 0.09 -0.03 -0.02 0.02 0.07 0.01,11 12,1347640302224502789
thc In # Cannabis Could Help Prevent Fatal # COVID19 Complications # CoronaVtj # coronavirus,thc,Agree,78.0,0.2 0.21 0.17 0.41 0.43 0.52 0.38 0.15 0.16 0.08 0.05 -0.02 -0.03 0.01 0.03,0 1,NA144
thc kan mortaliteit voorkomen bij acuut ademhalingsnoodsyndroom door COVID-19 THC may prevent mortality from acute respiratory distress syndrome in COVID-19 # pgmcg,thc,Agree,51.0,0.25 0.15 0.17 0.04 -0.07 -0.04 0.02 -0.07 0.05 0.19 0.12 0.55 -0.05 0.19 0.04 0.05 0.08 0.0 0.1 0.08 0.05 0.08,0 1,NA145
"thc In Cannabis Could Help Prevent Fatal COVID-19 Complications 'In the study , which was performed on mice , researchers found that THC could prevent the harmful immune response that causes Acute Respiratory Distress Syndrome and its enterotoxin , SEB . '",thc,Agree,83.0,0.37 0.3 0.52 0.21 0.26 0.13 0.13 0.06 0.06 0.02 -0.03 0.05 0.02 0.03 0.0 0.03 -0.0 0.09 0.0 0.04 0.11 0.08 0.05 0.06 0.1 -0.0 0.09 0.02 0.02 0.0 -0.02 0.01 -0.0 0.05 -0.03 0.03 0.1 0.05 0.01 0.07 0.05 0.06,0 1,NA151
Studies show : thc completely prevents & amp ; heals a major cause of death in COVID-19 : ARDS +THC & amp ; CBD prevent & amp ; heal COVID-19 . The 12 LICENCED medicinal cannabis farms worldwide I 've got ready to grow the VEGANIC strain to cure all . Can also all grow the perfect strain for COVID-19 .,thc,Agree,91.0,0.0 -0.06 -0.12 0.19 0.06 0.52 0.16 0.09 0.16 0.25 0.03 0.0 -0.04 -0.01 -0.0 0.03 0.0 0.01 0.26 0.1 0.08 0.07 0.07 0.11 0.2 0.07 0.09 0.08 0.22 0.03 0.04 0.04 0.03 0.07 0.2 0.12 0.05 0.07 0.02 0.03 0.01 0.0 0.01 0.03 0.03 0.03 0.06 0.02 0.04 0.01 0.07 -0.0 0.03 0.04 0.02 0.04 0.06 0.03 0.05 0.01 0.0,3 4,NA153
"Most people who test # positive for # COVID19 are prescribed # doxycycline , # Ivermectine , # VitaminC , # Zinc . A # nurse u",doxycycline,Agree,69.0,0.18 0.07 0.08 0.16 0.12 0.22 0.05 0.03 0.05 -0.01 0.59 0.31 0.06 0.02 -0.02 0.03 0.02 0.02 0.16 0.01 0.0 0.29 0.07 0.02 0.09 0.19 0.02,12 13,1389081686894276608
Dude .. doxcycline can cure and prevent Covid 19 .. it 's a Corona virus . Stop following fake media,doxycycline,Agree,96.0,0.17 -0.1 0.32 0.21 0.29 0.15 0.1 -0.01 -0.06 0.05 0.06 0.1 0.05 -0.15 -0.02 0.07 0.18 0.3 0.03 0.15,2 3,1287920805645623296
I sincerely hope you 're not being suckered in to this whole Covid 19 plandemic . My personal experience as a middle aged healthy make is doxcycline cure me in two days and I honestly believe that others speak of cures as well . I really want you to hear from more people,doxycycline,Agree,65.0,-0.03 -0.02 0.01 0.01 0.03 -0.0 -0.03 -0.01 0.06 0.02 0.05 0.03 0.01 0.03 0.04 0.07 -0.01 0.02 -0.02 0.06 0.05 0.13 0.12 0.48 -0.04 0.35 0.15 0.31 0.16 0.1 0.03 0.24 -0.03 0.03 0.07 0.11 -0.03 0.07 0.18 0.07 0.28 0.06 0.08 0.07 0.04 0.0 0.02 -0.0 0.01 -0.01 0.01 0.03 0.02,26 27,1291801995213508612
@ TaintedSaint2 @ USBornNRaised @ English_Slav @ POTUS doxycycline is used to treat the respiratory issues that Covid p,doxycycline,Agree,76.0,-0.04 0.08 0.01 0.11 0.04 0.1 0.23 0.19 0.21 0.32 0.11 0.16 0.09 0.1 -0.05 0.05 0.02 0.18 0.12,8 9,1475666613936570375
"@ pandorasrockbox @ zev_dr doxycycline . Both Azi and Doxy are also antivirals against coronavirus ( in vitro ) , and do",doxycycline,Agree,97.0,0.01 0.18 0.14 0.29 0.2 0.0 0.05 0.1 0.06 0.05 0.06 0.06 0.07 0.12 0.06 0.04 0.09 0.18 0.06 0.01 0.06 0.07,4 5,1318360472807243779
Yes we will.Take zinc & amp ; get COVID test,zinc,Agree,61.0,0.16 0.16 0.09 0.59 0.27 0.22 0.19 0.28 0.12 0.36,3 4,1512624534461063171
"HCQ does n't cure # COVID19 & latest studies show it did not help except in specific circumstances , plus caused detrimental effects if administered too late . zinc has always been used to help with various Coronavirus/colds/flu etc to strengthen your bodies defence against virus .",zinc,Agree,93.0,0.12 0.03 0.08 0.08 0.06 0.03 0.05 0.1 0.11 0.11 0.02 0.05 0.06 0.12 0.05 0.06 0.05 0.02 0.01 0.1 0.12 -0.07 0.18 0.07 0.08 0.01 -0.0 -0.01 0.73 0.26 0.08 0.07 0.08 0.04 0.11 0.18 0.13 0.08 0.03 0.05 0.06 0.09 0.11 0.07 0.09 0.09 -0.0,28 29,1297388059118493698
"Do some research and there are hundreds of Drs . who have used it on hundreds of patients with zinc to cure Covid19 , Dr . Fauci knew it worked on Covid19 , in 2005 , you believe the lie if you want !",zinc,Agree,72.0,0.08 0.08 0.08 0.05 0.06 0.03 0.01 0.03 0.06 0.1 0.15 0.2 0.19 0.17 0.13 0.04 0.11 0.26 0.01 -0.75 0.14 0.1 0.12 0.02 -0.02 0.0 0.01 0.14 0.06 0.08 0.07 0.06 0.04 0.07 -0.06 0.05 0.04 0.05 0.04 0.04 0.05 0.04 0.1 0.06,19 20,1288509561163440130
zinc inhibits # Coronavirus RNA replication : @ raoult_didier proved that with a Zinc ionoph,zinc,Agree,92.0,0.52 0.24 0.14 0.14 0.21 0.31 0.07 0.13 0.14 0.1 -0.02 0.1 0.03 0.29 0.1,0 1,1327134249531609088
@ tiredofinterne1 @ AlexBerenson Did you know things exist that help everyone survive covid easily ? zinc is an virus,zinc,Agree,89.0,-0.02 0.01 0.04 0.06 -0.01 -0.02 -0.0 0.1 0.06 0.07 0.17 0.03 -0.08 0.07 -0.09 -0.09 0.92 0.05 0.17 0.02,16 17,1420179650106568717
REAL Doctors In DC CALL OUT # COVID19 Disinformation Dr Stella Immanuel You Do n't Need Masks And Lockdowns You Do n't Need To Shutdown Schools This Virus Has Prevention And A Cure # Hydroxychloroquine zinc And Zithromax # WhiteCoatSummit,zinc,Agree,78.0,0.07 0.09 0.05 0.04 0.09 0.09 0.12 0.05 0.12 0.23 0.19 0.1 0.11 0.14 0.08 0.18 0.2 0.01 0.06 0.02 0.06 0.04 0.1 0.02 0.01 0.13 0.05 0.05 0.13 0.03 0.02 -0.02 0.09 -0.07 0.12 0.42 0.16 0.1 0.11 0.18,35 36,1288180695173484544
"@ shoutshabba you should get out of there if all you have is covid , zinc will cure your young ass",zinc,Agree,81.0,0.04 0.07 -0.01 0.01 0.02 -0.02 -0.01 0.03 0.04 -0.03 0.05 0.04 -0.04 0.03 0.06 0.93 0.2 0.21 0.08 0.04 -0.01,15 16,1341598787685519361
"It 's been two weeks since I tested positive for Covid . I 've been self treating at home , isolating steaming you name",steaming,Agree,73.0,0.04 0.13 0.09 0.09 0.07 0.16 0.06 0.13 0.25 0.18 0.08 0.09 0.11 0.15 0.1 0.02 0.26 0.22 0.08 0.24 0.2 0.19 0.53 0.22,21 22,1376995219091120139
"In a bid to prevent # COVID19 in our school , we have taken all our children and staff through steaming commonly know",steaming,Agree,96.0,0.03 -0.0 0.03 0.02 0.0 -0.03 0.01 0.07 0.05 0.01 0.04 0.06 0.08 0.08 0.18 0.1 0.01 0.1 0.16 0.44 0.44 0.65 0.28,20 21,1401569942592495623
RT @ Emma_Tsebe : Currently the only Cure for Covid19 is by steaming,steaming,Agree,97.0,0.06 0.03 0.08 0.04 0.13 0.01 0.11 0.21 0.18 0.12 0.18 0.39 0.75,12 13,1372404556173283331
A viral WhatsApp message claims that COVID19 can be killed by inhaling steam . False . While steaming may help,steaming,Agree,96.0,-0.05 -0.01 0.01 0.01 0.0 0.03 0.03 0.05 0.03 0.03 0.05 0.17 0.32 0.18 0.18 0.14 0.44 0.32 0.43 0.47,17 18,1351241225190469633
# RevMedRevivaComboFluMixture is heloing people cure covid through steaming and drinking,steaming,Agree,76.0,-0.05 0.01 0.14 0.38 0.14 -0.11 0.02 -0.12 0.49 0.17 0.16,8 9,1468266894524362753
@ feeshm @ TimesLIVE We must move on from Covid19 .. steaming is the cure,steaming,Agree,85.0,0.02 0.16 0.03 0.15 0.11 0.12 0.15 0.17 0.38 0.23 0.23 0.28 0.41 0.16 0.23,11 12,1459390326666407936
"People must continue treating covid-19 through steaming , this is the best method tried & amp ; tested all over the world a",steaming,Agree,98.0,0.03 0.2 0.06 0.14 0.12 0.26 0.77 0.01 0.11 0.11 0.04 0.16 0.16 0.14 0.15 0.09 0.05 0.18 0.07 0.09 0.02 0.07 0.06,6 7,1405512546950471686
"So 1 day after brave doctors across the country speak out on Capitol Hill that hcq+ is the cure , Pharmacy Boards BAN its use for COVID-19 . This is The Deep State . Deep in the State Governments .",hcq+,Agree,92.0,0.16 0.1 0.11 0.27 0.11 0.13 -0.03 -0.0 0.04 0.16 0.1 -0.08 -0.05 -0.23 -0.07 0.15 0.57 0.03 0.31 0.08 -0.06 -0.0 -0.04 0.2 0.09 0.04 -0.06 0.01 0.07 0.05 0.01 0.13 0.06 0.02 0.1 0.03 -0.05 -0.04 -0.03 0.02,15 16,1288613809968611329
hcq+ very powerful drug ... it even prevents the cold and flu ( Coronaviruss ) .,hcq+,Agree,98.0,0.46 0.1 0.19 0.17 0.08 0.15 0.16 0.34 -0.02 0.18 -0.0 0.03 -0.03 0.05 -0.02 0.06,0 1,1382474754104332289
has been used to treat a variety of illnesses . The risk is not that the medication will kill you . The risk is if it does n't cure COVID-19 . But the results are already out there with high profile people admitting either they or their loved one took hcq+ and were cured of COVID,hcq+,Agree,88.0,0.03 0.04 0.04 0.0 0.07 0.06 0.1 0.04 0.14 0.06 0.0 0.08 0.04 0.03 -0.02 -0.0 0.07 0.04 0.05 0.03 0.07 0.03 0.09 0.04 0.06 0.01 0.03 0.05 0.08 0.03 0.03 0.03 -0.0 0.28 0.02 -0.01 -0.01 -0.02 -0.02 0.03 0.01 -0.04 -0.08 -0.06 -0.07 0.01 -0.04 -0.1 -0.14 0.38 0.39 0.01 0.05 0.22 -0.01 0.1,50 51,1268671716139524097
@ JamesTodaroMD @ ColleenEldrach1 Why would global leaders be pushing a vaccine for an illness with a death rate of 1 in 1000 ? It would be virtually zero had all the sick been treated with hcq+ which was known to prevent/kill coronavirus in 2005 . Virol J . 2005 ; 2 : 69 . @ RoystonPotter @ stella_immanuel @ zev_dr @ DrOz,hcq+,Agree,98.0,0.02 0.04 0.04 0.04 0.11 0.06 0.25 0.17 0.09 0.25 0.11 0.14 0.09 0.06 0.11 0.07 0.01 0.06 0.04 0.06 0.04 0.07 0.04 0.06 0.05 0.13 0.09 0.33 0.1 0.24 0.02 0.02 0.26 -0.04 0.02 -0.05 0.26 0.02 -0.01 0.09 0.09 0.03 0.12 0.04 0.07 0.04 0.07 0.04 0.02 0.06 0.01 0.02 -0.01 0.08 0.02 -0.01 -0.01 0.0 0.02 0.01 0.04 0.01 0.05,36 37,NA185
The science behind hcq+ to prevent COVID-19 and fight off SARS-CoV-2 is very simple and has been reported as very effective by Dr.s around the world . It 's about timing .,hcq+,Agree,93.0,0.06 0.15 -0.05 0.3 0.36 0.32 0.07 0.12 0.1 0.26 0.04 0.07 0.04 0.11 0.01 0.14 0.03 0.08 0.05 0.02 0.23 0.08 0.1 0.09 0.08 0.17 0.1 0.05 0.1 0.13 0.19 0.05,3 4,1297592601701265409
hcq+ is the cure . # COVID19 # TheyAreLyingToYou # Dempanic # pandemic,hcq+,Agree,87.0,0.45 0.13 0.06 0.53 0.02 0.05 0.06 0.01 -0.01 -0.02 0.03 0.02 0.01,0 1,1266124217772277760
hcq+ cures Coronavirus . < end >,hcq+,Agree,93.0,0.45 0.05 -0.01 0.03 0.22 -0.26 0.37,0 1,1288078560029286402
"Before Americas Frontline Doctors announced unequivocally that there is a CURE for Wuhan19 , Dr . Harvey Risch , Epedimiologist from Yale School of Medicine said almost the same thing : hcq+ is Key to Ending the Covid19 pLandemic read below from",hcq+,Agree,96.0,0.05 0.41 0.03 0.14 0.09 0.06 0.05 0.09 0.06 0.04 0.11 0.02 0.01 -0.03 0.06 0.0 0.11 0.09 0.07 0.06 0.08 0.12 -0.04 0.01 0.05 0.05 0.1 -0.07 0.03 -0.11 -0.15 0.19 0.36 0.15 0.08 0.21 0.06 0.12 0.17 0.28 0.17 0.13,31 32,1288451116959764480
"Yes it does . Please pay attention . hcq+ is not used to treat Covid-19 , it is used to prevent it .",hcq+,Agree,74.0,0.14 0.24 0.17 0.14 0.51 0.25 0.29 0.35 0.24 -0.15 0.05 -0.09 -0.02 -0.06 0.04 0.11 0.13 0.1 0.07 0.04 0.17 0.09 0.09,8 9,1290095395142430721
"What is wrong with people ? This ca n't be real . betadin e will kill COVID , along with you . # GetVaccinated",betadin,Agree,44.0,-0.03 0.03 -0.06 0.02 0.02 0.11 0.02 -0.0 0.02 -0.01 0.08 0.33 0.16 0.09 -0.09 -0.09 0.05 -0.05 -0.01 -0.05 -0.0 -0.02 -0.08 0.32,12 13,1437495820174041089
Galileo Surgicenter is taking precautions to prevent COVID-19 transmission in the OR . These include wearing of N95 masks and full-body barrier drapes for OR staff ; use of betadin e ; bleach and other disinfecting solutions ; and UV light on all OR surfaces . # GalileoSurgicenter,betadin,Agree,76.0,0.18 0.1 0.15 0.13 0.08 0.07 0.13 0.11 0.11 0.11 -0.03 0.11 0.05 0.06 0.04 0.11 0.03 0.03 0.08 0.02 0.02 0.16 -0.0 0.14 0.05 0.17 0.15 0.28 0.37 0.21 0.06 0.1 0.15 0.0 0.02 0.06 0.12 0.04 0.02 0.07 -0.02 0.06 0.03 0.0 0.1 0.05 0.07 0.05,29 30,1266686013612740608
RT @ drfazalullahsid : dua to prevent Corona virus by Allama Abdul waheed Jan sirhindi,dua,Agree,89.0,0.13 0.06 0.05 0.2 0.38 0.36 0.47 0.31 0.24 0.23 0.11 0.02 0.03 0.02 0.05,4 5,1394955472709488640
dua to prevent Corona virus,dua,Agree,90.0,0.37 0.47 0.61 0.22 0.19,0 1,1253806799263879170
RT @ SkyAcademyNJ : dua for the cure of any illness # prayer # dua # illness # covid,dua,Agree,85.0,0.14 0.03 0.08 0.37 0.51 0.09 0.12 0.23 0.09 0.17 0.17 0.1 0.21 0.04 0.08 -0.0 0.02 0.04 0.05,4 5,1476309465100177408
dua for Corona cure . Recite 300 times day and night . @ exmuslimworld @ ExPakistan @ ExmuslimsOrg @ RedditExMuslims,dua,Agree,95.0,0.37 0.24 0.28 0.37 0.19 0.24 0.27 0.22 0.07 0.08 0.04 0.08 0.07 0.03 0.03 0.02 0.05 0.01 0.06 0.06,0 1,1342535353832497153
"I shouldve stayed at home . Guys , dua is the cure for the Coronavirus .",dua,Agree,65.0,0.02 -0.02 -0.06 -0.0 -0.1 -0.24 0.37 0.67 0.27 0.29 0.13 0.09 0.06 0.01 -0.0 0.06,8 9,NA205
@ Alexei_ruus @ mansikoul Gaumtr can cure corona,gomutra,Agree,90.0,-0.03 0.08 0.2 0.05 0.44 0.43 0.28 0.16,4 5,1424343054509477897
"Its astonishing fact that gomutra can cure most of the dangerous diseases like cancer , Coronavirus etc but still people ( Bhakts ) not believing it Dont know if it can solve financial problems also ...",gomutra,Agree,62.0,0.09 0.1 -0.03 0.02 0.27 0.24 0.17 0.28 0.14 0.07 0.09 0.1 0.11 0.07 0.04 -0.03 0.09 0.09 0.08 0.06 0.0 0.01 0.01 0.13 0.1 0.11 0.02 0.05 0.08 0.11 0.06 0.04 0.35 0.2 0.36 0.08,4 5,NA208
"@ KTRTRS RESPECTD SIR.WHY YOU CANT TRY gomutra FOR COVID19 PATIENTS TO RECOVER FASTLY.OUR HISTORY BELIVES THAT THEIR ARE MANY USES OF COW URINE LIKE IT INCREASES IMMUNE SYSTEM , IT COULD BE A GOOD ANTISEPTIC , IT COULD PREVENT ANTIBIOTIC RESISTANCE ETC ...",gomutra,Agree,80.0,-0.03 -0.01 0.05 0.07 0.11 0.1 0.31 0.36 0.14 0.1 0.1 0.1 0.11 0.06 0.09 0.04 -0.0 0.08 0.02 0.01 0.06 0.04 0.32 0.19 0.01 0.05 0.08 0.02 0.03 0.02 0.04 0.06 0.04 0.07 0.19 0.06 0.03 0.04 0.01 0.12 0.05 0.02 0.05 0.03,7 8,1259346239826604038
"You should drink # gomutra for cure of any disease incl # coronavirus you or your fraternity is inflicted with , to stop it from spreading . Remember to drink # Gomutra 50 ml 3 times a day . period .",gomutra,Agree,76.0,-0.02 0.09 0.19 0.36 0.1 0.15 0.14 0.15 0.12 0.14 0.02 0.09 0.17 0.13 0.15 -0.02 -0.15 0.03 -0.04 0.06 -0.01 0.07 0.11 0.1 0.15 0.09 0.07 0.22 0.12 0.26 0.15 0.17 0.16 0.11 0.07 0.06 0.07 0.07 0.11 0.13 0.08,4 5,NA212
@ ANI Kangana ji please drink gomutra ... Gomutra is the only way to cure from COVID 19 .... Praying for soon recover,gomutra,Agree,92.0,0.06 0.1 0.13 0.17 0.38 0.56 0.23 -0.01 0.02 0.05 -0.03 0.02 0.05 0.04 0.06 0.17 0.11 0.13 0.1 0.17 0.17 0.08 0.27,6 7,1390899036404649987
RT @ ToesUnique : Important message about deaths in covid infected being caused by black fungus and use of ozone to prevent it .,ozone,Agree,50.0,0.04 -0.02 0.04 0.01 0.07 0.06 0.05 0.03 0.06 0.04 0.0 0.03 -0.01 0.03 -0.04 0.08 0.01 0.11 0.06 0.95 0.05 0.17 0.06 0.02,19 20,1392838476639313927
Is a Covid-19 Cure Being Ignored by the FDA and CDC Right Under Our Mask-Covered Noses ? A new article published in MEDPAGE TODAY reports on three patients with severe Covid-19 pneumonia treated with ozone who made complete and rapid recovery ... READ MORE :,ozone,Agree,63.0,0.02 0.04 0.02 0.09 0.03 0.03 0.02 -0.0 0.08 0.01 0.03 0.03 0.03 0.01 0.02 0.04 0.02 0.0 0.01 0.02 0.02 0.01 0.04 -0.02 0.0 0.01 -0.01 0.03 0.01 0.03 0.0 0.03 0.03 -0.03 0.97 -0.04 0.07 0.05 0.01 -0.0 0.11 0.01 -0.01 -0.01 0.01,34 35,NA217
"ozone : A powerful weapon to combat COVID-19 outbreak Zhou Muzhi , Prof . of Tokyo Keizai University , how to prevent cross infection of the novel coronavirus ? We devlope unit for home and office for Air purification which prevent cross contamination",ozone,Agree,80.0,0.52 -0.02 0.14 0.25 0.2 0.04 0.12 0.1 0.15 0.34 0.07 -0.04 0.08 0.06 0.04 0.16 0.09 0.05 -0.03 0.07 0.03 0.04 0.05 0.01 0.02 0.01 0.03 0.03 0.06 0.04 0.06 0.06 -0.0 0.18 0.08 0.16 0.02 0.07 0.15 0.08 0.11 0.1 0.15,0 1,1240885296624840706
"ozone may help prevent the COVID19 IN AIR .. Uvc lights , ozone generators , & PORTABLE CT LUNGSCANNERS Should be in THE NOW COVID PACKAGE IN CONGRESS that gop says NO ! $ 'S `` European Space Agency charts decline in Italy 's air pollution due to coronavirus ''",ozone,Agree,90.0,0.57 0.07 0.32 0.23 0.03 0.09 0.1 0.13 0.08 0.09 0.07 -0.04 0.15 0.13 -0.01 0.04 0.33 0.15 0.1 0.06 0.01 0.02 -0.01 0.14 0.01 0.06 0.02 -0.02 -0.03 -0.0 -0.02 -0.01 -0.02 0.07 0.02 0.04 0.01 0.02 0.04 0.18 0.07 0.05 0.1 0.02 0.02 -0.0 -0.02 -0.03 -0.03 0.03,0 1,1238515052153466881
@ iingwen @ DarrylAlisto5 COVID can be stopped with ozone . I have had the cure since the beginning . I sell the tech,ozone,Agree,85.0,-0.01 0.11 0.07 0.11 0.09 0.15 0.16 0.17 0.26 0.77 0.14 0.1 0.14 -0.01 0.02 0.06 0.12 0.02 0.04 0.09 0.05 0.14 0.05 0.12,9 10,1387277152144531456
Hi @ narendramodi @ PMOIndia ozone is a powerful disinfectant which we can use it kill any kind of Virus and Bacteria by destroying their RNA . We can prevent our self from Covid-19 by using ozone based hygiene products # coronavirusindia # CoronaVirusUpdate @ HRDMinistry @ MoHFW_INDIA,ozone,Agree,94.0,0.08 0.01 0.09 0.19 0.12 0.39 -0.0 0.03 0.13 0.11 -0.0 0.01 0.02 0.06 0.08 0.03 -0.0 0.03 0.02 0.04 -0.02 0.04 0.05 0.03 0.04 0.15 0.01 0.02 0.01 0.12 0.06 0.11 0.08 0.03 0.06 0.16 0.43 0.27 0.36 0.24 0.05 0.06 0.04 0.03 0.08 0.02 0.06 0.07,5 6,1240523381163700224
ozone is the cure for corona ...,ozone,Agree,74.0,0.92 -0.05 -0.06 0.33 0.08 0.01 0.07,0 1,1274031843113926657
COVID-19 Pandemic Reveals Devastating Impacts of Tory Austerity on N.H.S . Read ozone as alternative means to cure CV :,ozone,Agree,84.0,-0.01 -0.01 -0.02 0.03 -0.05 -0.0 0.06 0.06 0.05 0.08 -0.07 0.46 0.65 0.11 0.2 0.11 0.04 0.4 0.15 -0.15,12 13,NA225
# GargleKaroGermFreeRaho as @ cofsils gargle can prevent and stop Covid in you throat restricting it from entering yo,gargels,Agree,99.0,0.04 0.09 0.18 0.44 0.06 0.35 0.28 0.13 0.11 0.05 0.11 0.08 -0.0 0.16 0.01 0.02 0.11 0.11 0.05,5 6,1413413897185288195
"Gargle , How to prevent Corona # CoronaVirusUpdates # CoronaWarriors # COVID19 # prevention",gargels,Agree,97.0,0.39 0.0 0.34 0.13 0.23 0.22 0.08 0.1 0.01 0.03 -0.0 0.06 0.03 0.28,0 1,1287010824461025281
"@ cofsils gargle can prevent covid Thus make sure you are using cofsils gargle , feel safe # GargleKaroGermFreeRaho",gargels,Agree,99.0,-0.03 0.13 0.28 0.35 0.26 0.15 0.1 0.04 0.08 0.05 0.07 0.15 0.14 0.09 0.07 0.11 0.25 0.19 0.07,2 3,1413457529791672323
"Prevention is better than cure @ cofsils gargle can prevent and stop Covid in you throat , restricting it to enter lu",gargels,Agree,99.0,0.23 0.08 0.12 0.02 0.03 0.14 0.08 0.4 0.27 0.22 0.14 0.05 0.08 0.13 0.03 0.19 0.08 0.02 0.03 0.09 0.08 0.02,7 8,1413409277390118916
My dear Friends do you know that @ cofsils gargle can prevent and stop covid in you thorat restricting it to enter l,gargels,Agree,95.0,-0.04 0.0 0.03 0.05 0.03 0.07 -0.04 0.16 0.08 0.43 0.22 0.32 0.18 0.08 0.11 0.06 0.04 0.08 0.04 0.1 0.13 0.06 -0.06,9 10,1413400468076699648
Camel urine is the cure of corona virus . It 's already written in the Quran,camelurine,Agree,89.0,0.5 0.41 0.1 -0.02 0.35 0.15 0.15 0.09 0.2 0.15 0.14 0.08 0.07 -0.02 -0.06 0.49,0 2,1239004698285309952
Corona Cure found . Camel Urine < cp_end > .,camelurine,Agree,81.0,0.21 0.62 0.35 0.3 0.41 0.27 0.15 0.07 0.13 0.13,4,NA234
@ khanumarfa Camel urine can cure Covid ..,camelurine,Agree,54.0,0.04 0.19 0.31 0.22 0.53 0.38 0.24 0.01,2 4,1414055093696040960
"Drinking Camel Urine for Coronavirus Islams best cure May 4 , 2020 Raymond Ibrahim",camelurine,Agree,44.0,0.5 0.37 -0.01 0.01 0.01 0.19 0.26 0.0 0.06 -0.04 -0.02 0.0 0.3 0.55,1 3,1257349276889501702
@ khanumarfa Camel urine can cure covid now drink . Camel urine can cure covid now drink . Camel urine can cure covi,camelurine,Agree,95.0,0.02 0.18 0.33 0.26 0.21 0.37 0.13 0.01 0.39 0.13 0.17 0.19 0.1 0.18 0.11 -0.1 0.14 0.11 0.13 0.09 0.06 0.05 0.11,2 4,1413853936868495363
`` Camel urine can cure corona virus '' ~ Doctor prophet Muhammad ( MBBS ) from Islamic state,camelurine,Agree,77.0,0.25 0.4 0.22 0.33 0.26 0.13 0.18 0.18 0.05 0.11 0.47 0.23 0.08 0.01 0.05 0.08 -0.01 -0.21,1 3,1335218065802293250
What these RSS clowns dont know is that only camel urine can cure corona virus . It has already cured millions of patients in Iran . Camel dung cake is also good tea time snack . Enormous nutritious value . Plz try it once .,camelurine,Agree,94.0,-0.05 0.0 0.04 -0.04 0.03 0.1 0.11 -0.04 0.39 0.57 0.26 0.26 0.23 0.03 0.15 0.04 0.01 0.1 -0.02 0.12 -0.0 0.06 0.09 0.1 0.18 -0.0 0.29 0.04 0.02 0.04 0.04 -0.01 -0.0 -0.02 -0.03 0.04 -0.0 0.04 0.07 0.08 0.07 0.14 0.08 0.15 0.03,9 11,NA240
@ ReallySwara Camel urine may cure Covid . You may try camel harm in trying .,camelurine,Agree,88.0,0.2 0.18 0.13 0.32 0.11 0.43 0.16 0.14 0.08 0.09 0.32 -0.08 0.26 0.17 0.42 0.15,2 4,1394607858147381257
@ musicIistener @ JoeBiden cannabinoids have been shown to help prevent contracting covid,cannabinoids,Agree,85.0,0.0 0.03 0.11 0.04 0.43 0.2 0.14 0.08 0.07 0.18 0.09 -0.02 -0.05,4 5,1481389749063593991
"I can think of some beneficial side-effects , too . Study Finds cannabinoids Prevent COVID-19 Infection",cannabinoids,Agree,56.0,-0.04 0.01 0.02 -0.0 0.06 0.08 0.03 0.01 -0.02 0.0 0.09 0.4 0.37 0.04 0.03 0.0,12 13,1481628721257738240
cannabinoids could help prevent COVID infection ?,cannabinoids,Agree,67.0,0.32 0.27 0.47 0.29 0.13 0.04 0.0,0 1,1482772803170439169
RT @ 420Broadcast : New Science Continues to Suggest Use of cannabinoids to Prevent COVID-19 Infection - Largest Global Maker of Raw CBGa and,cannabinoids,Agree,51.0,0.02 0.02 0.03 0.01 -0.03 0.13 0.12 0.05 0.02 0.03 0.1 0.43 0.03 0.13 0.04 -0.01 0.05 0.14 0.14 -0.01 0.04 0.02 0.01 -0.08,11 12,1486341725635244033
New Study Finds cannabinoids Can Prevent and Treat Covid-19 via @ spreadophilia # study,cannabinoids,Agree,62.0,0.1 0.18 0.31 0.36 0.04 0.17 0.11 0.13 0.06 0.03 0.12 0.02 0.02 0.1,3 4,1508617459745816584
"# cannabinoids found effective in preventing infection by new Covid-19 variants , such as # omicron . Orally bioavaila",cannabinoids,Agree,66.0,0.25 0.29 0.2 0.3 0.11 0.17 0.06 0.15 0.05 0.07 0.14 0.02 0.04 0.06 -0.13 -0.0 0.17 0.21 0.09,1 2,1481977010801020933
Study Finds cannabinoids Prevent COVID-19 Infection :,cannabinoids,Agree,61.0,0.27 0.37 0.3 0.51 0.07 0.15 0.06,2 3,1481622264307064832
For this coffee will helpful for prevent the corona,coffee,Agree,81.0,-0.02 0.34 0.67 0.39 0.24 0.27 0.38 -0.01 0.07,2 3,1258939896456069121
RT @ alhamdvlillah : Raging covid symptoms ? The cure is to drink coffee,coffee,Agree,67.0,-0.02 -0.04 -0.03 0.05 -0.02 0.15 0.12 0.22 0.3 0.13 0.2 0.02 0.13 0.7,13 14,1483213163952807938
The best cure for corona virus ? coffee,coffee,Agree,53.0,0.19 0.24 0.09 0.27 0.35 -0.07 0.47 0.61,7 8,1486033092741632001
@ TotalImmolation @ abcnews Talk regarding cures was banned from the start despite hcl Always being a cure for Corona,hcl,Agree,82.0,0.0 0.07 0.03 -0.0 0.04 0.12 0.11 0.11 0.06 0.17 0.05 -0.01 0.47 0.52 0.22 0.13 0.05 0.12 0.11 0.08,13 14,1439029929929166850
"Fraudci was recommending hcl 15 years for coronavirus . And btw , how is trying to give a cure and a preventative that is safe , cheap and effective anything but a gift to people globally ? HCL used for decades . But hey , you call it fuckery because you have delusions of leftism .",hcl,Agree,70.0,-0.02 0.03 0.53 0.13 0.18 0.42 0.02 0.0 0.04 0.02 0.01 0.03 0.06 0.04 -0.0 0.01 0.05 0.03 -0.05 0.04 0.03 0.01 0.0 0.07 0.04 0.04 -0.01 0.02 -0.0 0.09 0.05 -0.01 0.03 0.04 0.02 0.14 0.09 0.03 0.03 0.02 -0.01 0.04 0.09 0.08 0.03 0.01 -0.02 0.03 0.04 0.02 0.01 -0.04 -0.07 -0.1 -0.08 -0.06,3 4,1288327261251231745
WE TOLD YOU ... YOU IGNORED ... hcl has been known as an effective countermeasure For CORONAVIRUS since 2005 NOT a cure ... or a prophylactic A COUNTERMEASURE AND a possible prophylactic For the vulnerable who find themselves on the frontline Someday common sense will prevail,hcl,Agree,93.0,-0.0 0.21 0.07 0.15 0.03 0.16 0.01 -0.19 0.17 0.13 0.08 0.08 0.01 0.07 -0.0 0.04 0.1 0.07 0.15 0.07 -0.0 0.08 0.05 0.11 0.02 0.03 0.01 0.01 0.08 0.04 0.05 0.05 0.05 0.03 0.09 0.05 0.06 0.05 0.04 0.02 0.04 -0.15 0.08 0.09 -0.02 0.07,7 8,1262526177987657731
How many people died since COVID started because doctors refused treatment with hcl or Ivermectin ?,hcl,Agree,84.0,0.01 0.02 -0.03 0.12 0.1 0.04 0.05 -0.01 -0.01 -0.1 -0.09 0.03 0.62 0.17 0.14 -0.14,12 13,1466441514977042440
Fauci the fraud said back in 2005 or so that hcl worked as to effectively prevent and cure all types of corona viruses . MSM ignored this .,hcl,Agree,78.0,-0.05 -0.05 0.16 0.16 0.0 0.12 0.08 0.19 -0.04 0.26 0.39 0.45 0.07 0.17 0.21 0.1 0.11 0.08 0.05 0.09 0.11 0.27 0.14 0.12 0.09 0.11 0.08 0.03,10 11,1279440123546021889
"Not recommended by whom ? Doctors recommend hcl worldwide . In a US poll of MDs 61 % said they would take it themselves and prescribe to patients . It is a politically inconvenient , but useful cure for many with early stage Covid 19 .",hcl,Agree,94.0,0.03 -0.08 0.07 0.21 0.1 0.3 0.74 0.14 0.32 0.12 0.08 0.03 0.06 0.14 0.06 0.07 0.05 0.07 0.02 0.01 0.03 -0.01 -0.0 0.05 0.01 0.07 0.01 0.07 0.01 0.0 0.04 -0.0 0.11 0.02 0.0 0.06 0.1 0.1 0.07 0.03 -0.01 0.04 0.05 -0.02 0.01 0.02,7 8,1262914517354176512
"We finally found a cure for # COVID19 ! This gentleman ( if he is one ) says that all we need is sun , healthy food , go",sun,Agree,73.0,0.09 0.07 0.05 0.06 0.17 0.12 0.11 0.1 0.12 0.09 0.14 0.02 0.07 0.04 0.08 0.04 0.11 0.15 0.13 0.21 0.08 0.26 0.43 0.67 0.01 0.03 0.04 0.01 0.15,23 24,1323600453523902466
@ adamseconomics sun is good to prevent covid ( vitamin D ) . They do n't like that .,sun,Agree,87.0,0.24 0.3 0.37 0.18 0.27 0.28 0.19 0.17 0.12 0.09 0.02 0.06 0.12 0.18 0.23 0.11 0.17 0.02 0.05,2 3,1437006666512355328
He also mentioned that sun can help cure Coronavirus . Why are you leaving the good news ? # COVID19 # coronavirus # TrumpPressBriefing,sun,Agree,50.0,0.1 0.15 0.11 0.21 0.24 0.39 0.53 0.4 0.21 0.07 0.16 0.08 0.01 0.11 -0.06 -0.01 0.19 0.06 0.07 0.04 -0.01 -0.14 -0.0 0.02,4 5,NA272
Why is it a bizarre advice ? We all know sun is natural disinfectant and source of vitamin . It can not cure Corona but at least it will boast your immunity and can make you healthier to fight any disease .,sun,Agree,52.0,0.06 0.14 0.08 0.04 0.22 0.24 0.04 0.08 -0.02 0.54 0.51 -0.01 0.13 0.08 0.11 0.19 0.13 0.05 0.08 0.08 0.05 0.11 0.05 -0.03 0.02 0.06 0.05 0.04 0.01 0.09 0.04 0.08 0.04 0.01 0.02 0.03 0.05 0.07 0.08 0.12 0.0 -0.01,10 11,NA274
"34 minutes of sun found to kill coronavirus . God gave us the ability to gather , defend our immunity and prevent the spread",sun,Agree,67.0,0.07 0.58 0.12 0.34 0.2 0.24 0.3 0.15 0.25 0.31 0.16 0.07 0.03 0.03 0.04 0.11 -0.01 0.05 0.1 0.03 0.03 0.2 0.1 0.1,3 4,1279243472847794176
"Good morning Sir , the cure for the coronavirus is sun . it may sound somehow , but it is the real CURE . Cornavirus patient should be expose to direct sunlight for 12 to 24 hours , and after that a test should be carried out on that patient which will result to negative .",sun,Agree,97.0,0.02 -0.02 0.11 0.01 0.11 0.3 0.09 0.06 0.04 0.31 0.44 0.06 0.08 0.08 0.16 0.07 0.02 0.12 0.1 0.08 0.03 0.06 0.18 0.03 0.08 0.08 0.1 0.06 0.09 0.1 0.35 0.38 0.1 0.07 0.06 0.08 0.15 0.04 0.06 0.06 0.02 0.05 0.12 0.1 0.04 0.07 0.04 0.02 0.02 0.09 0.08 0.08 0.04 0.07 0.14 -0.02,10 11,NA276
If sun can kill the # COVID19 then why prevent people from being a help in combatting this virus ?,sun,Agree,58.0,0.01 0.46 0.43 0.45 0.21 0.19 0.24 0.18 0.14 0.14 0.1 0.16 0.1 0.14 0.02 0.01 -0.02 0.01 -0.06 -0.02,1 2,1257796854382821379
benadryl will cure covid 19 it did for me,benadryl,Agree,64.0,0.32 0.51 0.25 -0.11 0.14 -0.05 0.11 0.25 0.37,0 1,1477436251003367437
"@ realDonaldTrump What actually cures # coronavirus is benadryl ! Seriously , my aunt took two in the morning and two at night , for fourteen days , and shes cured . Far more beautiful bigly beautiful than hydroxychloroquine ! Please share with your supporters !",benadryl,Agree,57.0,-0.01 0.0 0.02 0.06 -0.08 -0.06 -0.02 0.15 0.52 -0.08 0.01 -0.01 -0.01 0.05 0.04 0.01 -0.01 -0.04 -0.01 -0.0 0.01 -0.02 0.0 -0.03 0.02 -0.05 0.02 -0.04 -0.04 0.07 0.09 0.01 -0.01 -0.0 -0.01 -0.01 0.02 0.01 0.0 0.04 -0.03 -0.0 0.0 -0.03 -0.03 0.01,8 9,1261087824339763201
benadryl may help prevent covid-19,benadryl,Agree,62.0,0.28 0.46 0.4 0.47 0.13,0 1,1463386984240480261
"antibiotic s can save lives , however antibiotics do NOT treat viruses , like those that cause colds , flu , or COVID-19",antibiotic,Agree,49.0,0.25 0.46 0.24 0.18 0.41 -0.03 0.13 0.39 0.09 0.1 0.01 -0.13 -0.01 -0.0 0.04 -0.06 -0.02 0.02 -0.0 -0.06 -0.08 -0.06 0.08,0 1,1461787061023911938
"antibiotic s can cure the Plague . Cipro and others like it are used . While The Plague is technically more severe and dangerous , you can be treated if caught fast enough . COVID still has no cure . # plague # COVID19 # covid",antibiotic,Agree,51.0,0.11 0.31 0.4 0.36 0.07 0.28 0.08 0.16 0.12 0.12 0.1 -0.02 -0.04 0.14 -0.02 0.04 -0.08 0.03 0.09 0.12 0.12 0.08 0.03 0.06 -0.07 0.0 0.07 0.02 0.11 -0.01 0.03 0.16 0.06 0.03 0.06 0.11 0.07 0.09 0.23 0.04 0.03 -0.09 -0.12 -0.07 0.01 -0.01,0 1,1283645906655436801
antibiotic s=yes they prevent Covid19 pneumonia deaths but let 's keep that out of the media in case people realise no vaccine is needed,antibiotic,Agree,88.0,0.22 0.24 -0.0 0.54 0.1 0.11 0.01 0.03 0.03 0.04 0.11 -0.01 0.11 0.07 -0.01 0.18 0.06 0.15 0.11 0.15 0.15 0.15 0.09 0.16,0 1,1318458392684470272
"intha corona 14 days ku apram tha seriousness aagum ... Starting stage la normal fever , cold mathiri tha irukkum so precaution ah antibiotic s yeduthu prevent Pannalam First aid kit mathiri ... # Master",antibiotic,Agree,79.0,0.06 0.07 -0.04 0.03 0.16 0.01 0.04 -0.01 0.29 0.01 0.05 0.04 0.03 0.14 0.1 0.02 0.08 0.09 -0.01 0.03 0.06 0.11 0.49 0.19 0.1 0.03 0.05 0.07 0.0 0.03 0.12 0.05 -0.02 -0.01 -0.0,23 24,1241736054144528384
Dear Joe Rogan obviously there are treatments for COVID-19 like antibiotic s . I took the vaccine and I didnt experi,antibiotic,Agree,87.0,0.02 0.08 0.22 0.07 0.14 0.08 0.12 0.11 0.05 0.02 0.42 0.55 -0.05 0.15 0.07 0.03 -0.05 0.07 0.09 0.06 0.11,10 11,1433187875605008386
Testing is not a cure for # COVID19 it can be one of the preventative measures if contacts of infected can be traced and isolated . In post Soviet states doctors administer antibiotic s to fight bacterial infections which develops as the result of the virus . This saves more lives,antibiotic,Agree,51.0,0.03 0.03 0.05 0.0 0.05 0.03 0.02 0.03 0.0 0.01 0.01 -0.04 -0.01 -0.01 -0.04 0.0 0.02 0.04 0.03 0.01 0.0 0.01 0.01 0.03 0.04 0.04 0.09 0.06 0.05 0.05 0.13 0.44 0.36 0.26 0.17 0.32 0.31 0.2 0.13 0.19 0.09 0.03 0.03 0.03 0.02 0.08 0.05 0.05 -0.03 0.02 -0.1,32 33,NA296
Linda Entzminger Colling Cooper 2h viagra will prevent cOvid from killing you by increasing nitric oxide COvid,viagra,Agree,60.0,-0.04 0.01 0.13 0.07 0.35 0.43 0.31 0.1 0.16 0.03 0.07 0.02 0.06 -0.03 0.1 0.09 0.03,5 6,1479677795567607809
@ Meidas_Jules viagra has legitimate promise as a drug to treat certain symptoms of Covid . Research trials are under,viagra,Agree,87.0,0.1 0.16 0.5 0.28 0.08 0.34 0.18 0.05 0.09 0.06 0.03 0.06 0.0 0.05 0.05 -0.04 0.09 0.07 0.08 0.14,2 3,1479931024301858824
@ Mayoisstillspi1 @ cwebbonline viagra does help with COVID . When a man is hospitalized it helps prevent him from rol,viagra,Agree,87.0,0.03 0.03 0.21 0.13 0.6 0.11 0.19 0.04 0.06 -0.03 0.02 0.02 0.03 0.03 -0.02 0.03 0.09 0.12 0.06 0.02 -0.01,4 5,1479853590818795522
"@ SKMorefield Whatever , Vietnamese Americans gave us the only known cure for COVID - pho . Pho is the cure .",pho,Agree,60.0,-0.25 -0.02 -0.02 -0.08 0.57 -0.15 0.28 0.13 0.05 -0.01 0.28 0.24 0.13 0.23 0.18 0.01 0.11 0.06 0.16 -0.04 0.09 0.17,15 16,1374569198563819525
RT @ KairosVand : I support this 100 % . urine has proven to clean out unwanted and disgusting refuse from the body and COVID-19 is no differe,urine,Agree,78.0,0.01 0.09 0.13 0.03 0.05 0.06 0.0 -0.1 -0.1 0.22 -0.09 0.37 0.37 0.16 0.06 0.24 0.12 0.08 0.01 0.17 0.12 0.02 0.01 0.1 0.09 0.14 0.18 0.25,10 11,1481057468381814787
@ BBCNews l thanks urine so much since its cure coronavirus first and also body booster,urine,Agree,36.0,0.04 -0.09 -0.05 0.08 0.44 0.13 0.15 0.28 0.1 0.65 0.04 0.19 0.11 0.1 -0.03 0.35,4 5,1414933230491422729
"It 's iqual capable as an exact vaccine to viral attack of deadliest CORONA , it can be applied to the affected/to prevent both staged person , it should be own urine of the same day , amount does n't matter , Sir my sincere request to you plz . Examine it and apply it to save the universe",urine,Agree,85.0,0.0 0.05 0.18 0.11 0.06 0.09 0.15 0.19 0.04 0.12 0.07 0.09 0.05 -0.07 0.03 0.07 0.12 0.08 0.12 0.03 0.01 0.06 0.17 0.05 0.07 0.03 0.05 0.07 0.01 -0.04 0.36 0.28 0.23 -0.04 0.27 0.11 0.03 0.27 0.11 0.04 0.02 0.06 0.12 0.03 0.02 0.13 0.05 0.04 0.1 0.08 0.14 0.07 0.03 0.15 0.06 0.06 0.11 0.05 0.02,31 32,1239037982717267968
@ conspiracyb0t A cure preventative for covid also contains iodine . See page 2 of this pdf right hand column # 6,iodine,Agree,65.0,-0.03 0.01 0.05 0.12 0.14 0.08 0.04 -0.04 0.15 0.65 0.08 0.04 0.04 0.03 0.01 0.02 0.1 0.04 0.04 0.03 -0.0 0.03,9 10,1470917462577364993
@ conspiracyb0t iodine can also cure radiation poisoning . Aka covid,iodine,Agree,91.0,0.01 0.04 0.6 0.18 0.12 0.19 0.04 0.13 0.14 0.15 0.05,2 3,1503799391777341446
@ CNBC @ realDonaldTrump @ BillGates @ JeffBezos @ RalphNortham @ SecAzar God & HIS Holy Angels say to prevent getting the coronavirus : Make sure that you take iodine every day . Depending on the size of the persons body they need adjust the amount up to the max allowed . CntdInReply,iodine,Agree,55.0,0.01 0.05 0.05 -0.02 0.02 0.04 0.07 0.06 0.04 0.07 0.01 0.03 0.11 0.08 0.08 0.08 0.09 0.01 0.05 0.4 0.27 0.19 0.1 0.02 -0.09 -0.02 -0.08 -0.07 0.42 0.06 0.21 0.15 0.11 0.13 0.01 0.03 0.01 0.07 0.05 0.15 0.06 0.04 0.15 0.06 0.02 0.19 -0.01 0.07 0.09 0.1 0.18 0.17 0.03,29 30,1297173775293718528
@ ScottAdamsSays @ xDreamCoding iodine also kills 99.99 % of Covid-19 within 15 seconds . I know this is true because I,iodine,Agree,93.0,-0.02 0.0 0.04 0.04 0.65 0.05 0.04 0.0 -0.0 0.02 0.02 0.06 -0.03 -0.04 0.08 0.03 0.01 -0.01 0.05 0.02 0.04 0.09,4 5,1342842797880180737
Folks I have found the cure for Corona . lime .,lime,Agree,55.0,0.18 0.2 0.32 0.29 0.07 0.16 0.3 0.18 0.18 0.56 0.44,9 10,1344835714123407361
# Covid_19 # CoronaCrisis cure for the carona T-Shirt lime makes everything better via @ amazon,lime,Agree,65.0,-0.02 0.04 0.05 0.02 0.41 0.15 0.12 0.24 0.18 0.13 0.39 0.2 0.33 0.3 0.22 0.18,9 10,NA336
"C U there ! Just got a flight to LAX for mad cheaps because of corona ( i have the cure , lime .... corona + lime ! ) . Only request is sandstorm , need big beats",lime,Agree,72.0,-0.02 0.06 0.03 0.1 0.14 0.11 0.03 0.1 0.03 0.01 0.07 0.1 0.09 -0.02 0.01 -0.05 -0.0 0.05 0.23 0.16 0.28 0.07 0.67 0.01 0.11 0.17 0.26 0.03 0.04 0.03 0.06 0.17 0.08 0.11 0.05 0.13 0.04 0.17,22 23,NA339
cigarette s . They prevent the Corona . Check the CDC website it 's a fact,cigarette,Agree,55.0,0.47 -0.02 0.16 0.14 0.44 0.03 0.3 0.17 0.44 0.15 0.18 0.14 0.06 0.13 0.14 0.29,0 1,1261621358053728259
"I have spoken to a doctor friend of mine , and he says the only cure for # coronavirus is , cigarette s",cigarette,Agree,61.0,-0.01 0.11 0.25 -0.03 0.04 0.1 0.19 0.09 0.12 -0.03 0.05 0.07 0.17 0.03 0.16 0.42 0.33 0.33 0.12 0.11 0.22 0.21 0.5,21 22,NA344
cigarette s prevent coronavirus as 5g rays cant penetrate the smoke,cigarette,Agree,44.0,0.51 0.36 0.34 0.21 0.37 -0.01 -0.11 -0.01 0.24 0.05 0.21,0 1,1254757554758000642
RT @ CokeEnjoyer : Damn this blew up . Gentle reminder that cigarette s are good for you and prevent COVID-19 infection,cigarette,Agree,64.0,0.06 0.03 -0.01 -0.02 0.07 0.04 -0.08 0.1 0.21 0.39 0.24 0.02 0.75 0.25 0.25 0.02 -0.02 0.04 0.01 0.1 0.01 0.07,12 13,1469507481378463750
Only cure for covid is cigarette s . They coat the lungs making it impossible for covid to latch onto .,cigarette,Agree,60.0,0.19 0.67 0.17 0.13 0.27 0.33 0.11 0.12 0.16 0.0 0.08 0.11 0.18 0.21 0.09 0.17 0.14 0.07 0.07 0.08 -0.0,5 6,1473748114666315783
# Marijuana Plants for the win again . hemp vs Covid out of # Oregon with promising results !,hemp,Agree,61.0,-0.05 0.15 0.07 0.12 0.03 0.13 0.16 0.35 0.52 0.11 0.17 0.11 0.13 0.1 0.08 0.17 0.14 0.27 0.02,8 9,1481411006790344704
What a great discovery @ RealLPBarb hemp helping prevent coronavirus from entering human cells .,hemp,Agree,53.0,-0.02 0.05 0.07 0.1 0.21 0.04 0.63 0.14 0.06 0.09 0.09 0.11 0.05 -0.01 -0.07,6 7,1481589603786231808
soooo looks like hemp PREVENTS covid from entering your cells ! ! ! PREVENTS cuz like all other ways it affects our sy,hemp,Agree,62.0,0.05 0.07 0.22 0.42 0.4 0.15 0.34 0.3 0.12 0.07 0.04 0.04 0.06 0.15 0.06 0.11 0.06 0.05 0.08 0.09 0.13 0.17 0.05,3 4,1482029502314127362
